<?xml version="1.0" encoding="UTF-8"?>
<!--Generated by Oracle Analytics Publisher -Dataengine, datamodel:_Financials_Receivables_Billing_Data_Models_AutoInvoiceExecutionDm_xdm -->
<RAXAPR><P_AI_REQUEST_ID>468083</P_AI_REQUEST_ID><P_PARALLEL_MODULE_NAME></P_PARALLEL_MODULE_NAME><P_RUNNING_MODE>T</P_RUNNING_MODE><P_BATCH_SOURCE_ID>300000003493040</P_BATCH_SOURCE_ID><P_BATCH_SOURCE_NAME>MILGARD EBS SPREADSHEET</P_BATCH_SOURCE_NAME><P_DEFAULT_DATE>2025-07-23T00:00:00.000+00:00</P_DEFAULT_DATE><P_TRANSACTION_FLEX_FIELD></P_TRANSACTION_FLEX_FIELD><P_TRANSACTION_TYPE></P_TRANSACTION_TYPE><P_BILL_CUSTOMER_NO_LOW></P_BILL_CUSTOMER_NO_LOW><P_BILL_CUSTOMER_NO_HIGH></P_BILL_CUSTOMER_NO_HIGH><P_BILL_CUSTOMER_NAME_LOW></P_BILL_CUSTOMER_NAME_LOW><P_BILL_CUSTOMER_NAME_HIGH></P_BILL_CUSTOMER_NAME_HIGH><P_GL_DATE_LOW></P_GL_DATE_LOW><P_GL_DATE_HIGH></P_GL_DATE_HIGH><P_SHIP_DATE_LOW></P_SHIP_DATE_LOW><P_SHIP_DATE_HIGH></P_SHIP_DATE_HIGH><P_TRANSACTION_NUM_LOW></P_TRANSACTION_NUM_LOW><P_TRANSACTION_NUM_HIGH></P_TRANSACTION_NUM_HIGH><P_SALES_NUM_LOW></P_SALES_NUM_LOW><P_SALES_NUM_HIGH></P_SALES_NUM_HIGH><P_INVOICE_DATE_LOW></P_INVOICE_DATE_LOW><P_INVOICE_DATE_HIGH></P_INVOICE_DATE_HIGH><P_SHIP_CUSTOMER_NO_LOW></P_SHIP_CUSTOMER_NO_LOW><P_SHIP_CUSTOMER_NO_HIGH></P_SHIP_CUSTOMER_NO_HIGH><P_SHIP_CUSTOMER_NAME_LOW></P_SHIP_CUSTOMER_NAME_LOW><P_SHIP_CUSTOMER_NAME_HIGH></P_SHIP_CUSTOMER_NAME_HIGH><P_CALL_RAXTRX_FLAG>N</P_CALL_RAXTRX_FLAG><P_BASE_DUE_DATE>Y</P_BASE_DUE_DATE><P_DUE_DATE_ADJUST></P_DUE_DATE_ADJUST><P_ORG_ID>300000003170678</P_ORG_ID><P_COAID>2001</P_COAID><P_SORT_BY>TRANSACTION FLEXFIELD</P_SORT_BY>
<LIST_G_AI_REQ_PARMS>
<G_AI_REQ_PARMS>
<BATCH_SOURCE>MILGARD EBS SPREADSHEET</BATCH_SOURCE><TRANSACTION_FLEXFIELD/><TRANSACTION_TYPE/><BILL_TO_CUSTOMER_NUMBER_L/><BILL_TO_CUSTOMER_NUMBER_H/><BILL_TO_CUSTOMER_NAME_LOW/><BILL_TO_CUSTOMER_NAME_HIG/><GL_DATE_LOW/><GL_DATE_HIGH/><SHIP_DATE_LOW/><SHIP_DATE_HIGH/><TRX_NUMBER_LOW/><TRX_NUMBER_HIGH/><SALES_ORDER_LOW/><SALES_ORDER_HIGH/><TRX_DATE_LOW/><TRX_DATE_HIGH/><SHIP_TO_CUST_NUMBER_LOW/><SHIP_TO_CUST_NUMBER_HIGH/><SHIP_TO_CUST_NAME_LOW/><SHIP_TO_CUST_NAME_HIGH/><BASE_DUE_DATE_TRX_DATE>Yes</BASE_DUE_DATE_TRX_DATE><DEFAULT_DATE>2025-07-23</DEFAULT_DATE><DUE_DATE_ADJUST/>
</G_AI_REQ_PARMS>
</LIST_G_AI_REQ_PARMS>
<LIST_G_1>
<G_1>
<CURRENCY_CODE>USD</CURRENCY_CODE><CURRENCY_NAME>US Dollar</CURRENCY_NAME>
<LIST_G_INTERFACE_LINES>
<G_INTERFACE_LINES>
<TRX_TYPE>INV</TRX_TYPE><CLASS>Invoice</CLASS><COUNT_TRX>14</COUNT_TRX><COUNT_LINES>14</COUNT_LINES><AMOUNT>943500</AMOUNT><COUNT_SALES_CREDITS>0</COUNT_SALES_CREDITS><COUNT_DISTRIBUTIONS>0</COUNT_DISTRIBUTIONS><COUNT_CONTINGENCIES>0</COUNT_CONTINGENCIES>
<AMOUNT_DISP>0.0</AMOUNT_DISP>
</G_INTERFACE_LINES>
</LIST_G_INTERFACE_LINES>
<TOT_TRX_COUNT>14</TOT_TRX_COUNT>
<TOT_LINE_COUNT>14</TOT_LINE_COUNT>
<TOT_SALES_COUNT>0</TOT_SALES_COUNT>
<TOT_CONTING_COUNT>0</TOT_CONTING_COUNT>
<TOT_DIST_COUNT>0</TOT_DIST_COUNT>
<TOTAL_AMOUNT>943500</TOTAL_AMOUNT>
<TOTAL_AMOUNT_DISP>943500.0</TOTAL_AMOUNT_DISP>
</G_1>
</LIST_G_1>
<LIST_G_GRAND_TOTS>
<G_GRAND_TOTS>
<GT_TRX_TYPE>INV</GT_TRX_TYPE><GT_CLASS>Invoice</GT_CLASS><GT_COUNT_TRX>14</GT_COUNT_TRX><GT_COUNT_LINES>14</GT_COUNT_LINES><GT_AMOUNT>943500</GT_AMOUNT><GT_SALES_COUNT>0</GT_SALES_COUNT><GT_DIST_COUNT>0</GT_DIST_COUNT><GT_CONT_COUNT>0</GT_CONT_COUNT>
<GT_AMOUNT_DISP>943500.0</GT_AMOUNT_DISP>
</G_GRAND_TOTS>
</LIST_G_GRAND_TOTS>
<LIST_G_CURR>
</LIST_G_CURR>
<LIST_G_2>
</LIST_G_2>
<LIST_G_TRAN_FF>
</LIST_G_TRAN_FF>
<LIST_G_SUMMARY_INFO>
</LIST_G_SUMMARY_INFO>
<LIST_G_SUM_ERRLINE>
</LIST_G_SUM_ERRLINE>
<LIST_G_BATCH_SOURCE>
</LIST_G_BATCH_SOURCE>
<LIST_G_DUMMY>
<G_DUMMY>
<DUMMY_COL/><C_EXCEP_REP/>
</G_DUMMY>
</LIST_G_DUMMY>
<COMPANY_NAME>US PRIMARY USD</COMPANY_NAME>
<DATA_FOUND_FLAG>null</DATA_FOUND_FLAG>
<C_INDUSTRY_CODE/>
<C_SALESREP_TITLE/>
<C_SALESCREDIT_TITLE/>
<RUN_MODE>AND RAIL.PRIMARY_SALESREP_ID = :P_AI_REQUEST_ID</RUN_MODE>
<ORDER_BY>1</ORDER_BY>
<CONCAT_SEG_DEL>.</CONCAT_SEG_DEL>
<LP_PRED> AND RAIL.primary_salesrep_id = :p_ai_request_id   </LP_PRED>
<ACCT_FLEX_ALL_SEG_SEL/>
<P_EXCEP_REPORT>1</P_EXCEP_REPORT>
<P_RAIL_COUNT_SEL>14</P_RAIL_COUNT_SEL>
<P_RAIL_COUNT_PROC>14</P_RAIL_COUNT_PROC>
<P_RAIL_COUNT_FAILED>0</P_RAIL_COUNT_FAILED>
<P_RAIS_COUNT_SEL>0</P_RAIS_COUNT_SEL>
<P_RAIS_COUNT_PROC>0</P_RAIS_COUNT_PROC>
<P_RAIS_COUNT_FAILED>0</P_RAIS_COUNT_FAILED>
<P_RAID_COUNT_SEL>0</P_RAID_COUNT_SEL>
<P_RAID_COUNT_PROC>0</P_RAID_COUNT_PROC>
<P_RAID_COUNT_FAILED>0</P_RAID_COUNT_FAILED>
<FUNC_CURRENCY>USD</FUNC_CURRENCY>
<FUNC_PREC>2</FUNC_PREC>
<FUNC_MAU/>
<P_RAIC_COUNT_FAILED>0</P_RAIC_COUNT_FAILED>
<P_RAIC_COUNT_PROC>0</P_RAIC_COUNT_PROC>
<P_RAIC_COUNT_SEL>0</P_RAIC_COUNT_SEL>
<COMPANY_NAME>US PRIMARY USD</COMPANY_NAME>
<GT_TOTAL_TRX>14</GT_TOTAL_TRX>
<GT_TOTAL_LINES>14</GT_TOTAL_LINES>
<GT_TOTAL_AMOUNT>943500</GT_TOTAL_AMOUNT>
<GT_TOTAL_SALES>0</GT_TOTAL_SALES>
<GT_TOTAL_DIST>0</GT_TOTAL_DIST>
<GT_TOTAL_AMOUNT_DISP>0.0</GT_TOTAL_AMOUNT_DISP>
<CS_NO_APP>0</CS_NO_APP>
<CS_AMT_RCT_CUR>0</CS_AMT_RCT_CUR>
<CF_AMT_RCT_CUR>0.0</CF_AMT_RCT_CUR>
<GT_TOTAL_CONT>0</GT_TOTAL_CONT>
</RAXAPR>