<?xml version="1.0" encoding="UTF-8"?>
<ESSJobFile>
    <OriginalFileName>462455.log</OriginalFileName>
    <RequestId>462455</RequestId>
    <ProcessedDate>2025-07-21T17:41:10.821058</ProcessedDate>
    <Content><![CDATA[####[2025-07-21T12:11:05.113+00:00] [INFO] dummy file is deleted
================ BIPJobExecutable Execution Started ============
OutputFile : /u01/APPLTOP/instance/ess/rfd/462455/out/462455.xml
Request ID: 462455 ClassLoader is weblogic.utils.classloaders.GenericClassLoader@4b5e6af7 finder: weblogic.utils.classloaders.CodeGenClassFinder@d8157f4 annotation: ORA_FSCM_ESSAPP#V2.0.ht2oDzXNq5fSpEjd7z9djADF0HIQlb9reo0M246_v6w@
RequestId:462455
ReportID : /Financials/Receivables/Billing/AutoInvoiceExecution.xdo
Process : BIPDocGen
The bipJobID : 70869
bipJobID is updated to ESSRuntimeService
BIP_STATUS_URL is added to ESSRuntimeService
================ BIPJobExecutable is running in async mode. ============
================ Please check the ess status for more detail info. ============

]]></Content>
</ESSJobFile>