<?xml version="1.0" encoding="UTF-8"?>
<!--Generated by Oracle Analytics Publisher -Dataengine, datamodel:_Financials_Receivables_Billing_Data_Models_AutoInvoiceExecutionDm_xdm -->
<RAXAPR><P_AI_REQUEST_ID>462451</P_AI_REQUEST_ID><P_PARALLEL_MODULE_NAME></P_PARALLEL_MODULE_NAME><P_RUNNING_MODE>T</P_RUNNING_MODE><P_BATCH_SOURCE_ID>300000003493040</P_BATCH_SOURCE_ID><P_BATCH_SOURCE_NAME>MILGARD EBS SPREADSHEET</P_BATCH_SOURCE_NAME><P_DEFAULT_DATE>2025-07-21T00:00:00.000+00:00</P_DEFAULT_DATE><P_TRANSACTION_FLEX_FIELD></P_TRANSACTION_FLEX_FIELD><P_TRANSACTION_TYPE></P_TRANSACTION_TYPE><P_BILL_CUSTOMER_NO_LOW></P_BILL_CUSTOMER_NO_LOW><P_BILL_CUSTOMER_NO_HIGH></P_BILL_CUSTOMER_NO_HIGH><P_BILL_CUSTOMER_NAME_LOW></P_BILL_CUSTOMER_NAME_LOW><P_BILL_CUSTOMER_NAME_HIGH></P_BILL_CUSTOMER_NAME_HIGH><P_GL_DATE_LOW></P_GL_DATE_LOW><P_GL_DATE_HIGH></P_GL_DATE_HIGH><P_SHIP_DATE_LOW></P_SHIP_DATE_LOW><P_SHIP_DATE_HIGH></P_SHIP_DATE_HIGH><P_TRANSACTION_NUM_LOW></P_TRANSACTION_NUM_LOW><P_TRANSACTION_NUM_HIGH></P_TRANSACTION_NUM_HIGH><P_SALES_NUM_LOW></P_SALES_NUM_LOW><P_SALES_NUM_HIGH></P_SALES_NUM_HIGH><P_INVOICE_DATE_LOW></P_INVOICE_DATE_LOW><P_INVOICE_DATE_HIGH></P_INVOICE_DATE_HIGH><P_SHIP_CUSTOMER_NO_LOW></P_SHIP_CUSTOMER_NO_LOW><P_SHIP_CUSTOMER_NO_HIGH></P_SHIP_CUSTOMER_NO_HIGH><P_SHIP_CUSTOMER_NAME_LOW></P_SHIP_CUSTOMER_NAME_LOW><P_SHIP_CUSTOMER_NAME_HIGH></P_SHIP_CUSTOMER_NAME_HIGH><P_CALL_RAXTRX_FLAG>N</P_CALL_RAXTRX_FLAG><P_BASE_DUE_DATE>Y</P_BASE_DUE_DATE><P_DUE_DATE_ADJUST></P_DUE_DATE_ADJUST><P_ORG_ID>300000003170678</P_ORG_ID><P_COAID>2001</P_COAID><P_SORT_BY>TRANSACTION FLEXFIELD</P_SORT_BY>
<LIST_G_AI_REQ_PARMS>
<G_AI_REQ_PARMS>
<BATCH_SOURCE>MILGARD EBS SPREADSHEET</BATCH_SOURCE><TRANSACTION_FLEXFIELD/><TRANSACTION_TYPE/><BILL_TO_CUSTOMER_NUMBER_L/><BILL_TO_CUSTOMER_NUMBER_H/><BILL_TO_CUSTOMER_NAME_LOW/><BILL_TO_CUSTOMER_NAME_HIG/><GL_DATE_LOW/><GL_DATE_HIGH/><SHIP_DATE_LOW/><SHIP_DATE_HIGH/><TRX_NUMBER_LOW/><TRX_NUMBER_HIGH/><SALES_ORDER_LOW/><SALES_ORDER_HIGH/><TRX_DATE_LOW/><TRX_DATE_HIGH/><SHIP_TO_CUST_NUMBER_LOW/><SHIP_TO_CUST_NUMBER_HIGH/><SHIP_TO_CUST_NAME_LOW/><SHIP_TO_CUST_NAME_HIGH/><BASE_DUE_DATE_TRX_DATE>Yes</BASE_DUE_DATE_TRX_DATE><DEFAULT_DATE>2025-07-21</DEFAULT_DATE><DUE_DATE_ADJUST/>
</G_AI_REQ_PARMS>
</LIST_G_AI_REQ_PARMS>
<LIST_G_1>
</LIST_G_1>
<LIST_G_GRAND_TOTS>
</LIST_G_GRAND_TOTS>
<LIST_G_CURR>
</LIST_G_CURR>
<LIST_G_2>
</LIST_G_2>
<LIST_G_TRAN_FF>
<G_TRAN_FF>
<TRAN_FF>ENTITY_INVOICE_LINES:1.Glass And Door.567894.1.351.1000.42678.INV1009.1.2025-06-24 00:00:00</TRAN_FF>
<LIST_G_LINES_WITH_ERRORS>
<G_LINES_WITH_ERRORS>
<INTERFACE_LINE_ID>100000009947365</INTERFACE_LINE_ID><BATCH_SOURCE_NAME>MILGARD EBS SPREADSHEET</BATCH_SOURCE_NAME><TYPE_NAME>Invoice</TYPE_NAME><CUSTOMER_NAME/><DESCRIPTION>Sentinal Desktop</DESCRIPTION><CURRENCY_CODE>USD</CURRENCY_CODE><AMOUNT>1000</AMOUNT>
<LIST_G_LINE_ERRORS>
<G_LINE_ERRORS>
<INTERFACE_LINE_ID_ERR>1</INTERFACE_LINE_ID_ERR><ERROR_TEXT>You must enter a valid bill-to customer account number. The current number is {BILL_CUSTOMER_ACCOUNT_NUMBER. (12021)</ERROR_TEXT><LINE_ERR_NUM>1</LINE_ERR_NUM>
</G_LINE_ERRORS>
<G_LINE_ERRORS>
<INTERFACE_LINE_ID_ERR>2</INTERFACE_LINE_ID_ERR><ERROR_TEXT>Each line must have a unique combination of INTERFACE_LINE_ATTRIBUTE1-15 and INTERFACE_LINE_CONTEXT values for the line transaction flexfield. (Glass And Door.1.567894.1.351.1000.42678.INV1009)</ERROR_TEXT><LINE_ERR_NUM>2</LINE_ERR_NUM>
</G_LINE_ERRORS>
</LIST_G_LINE_ERRORS>
<FIRST_LINE_ERROR>1</FIRST_LINE_ERROR>
<FIRST_SALES_ERROR></FIRST_SALES_ERROR>
<FIRST_DIST_ERROR></FIRST_DIST_ERROR>
<AMOUNT_DISP>1000.0</AMOUNT_DISP>
</G_LINES_WITH_ERRORS>
<G_LINES_WITH_ERRORS>
<INTERFACE_LINE_ID>100000009947382</INTERFACE_LINE_ID><BATCH_SOURCE_NAME>MILGARD EBS SPREADSHEET</BATCH_SOURCE_NAME><TYPE_NAME>Invoice</TYPE_NAME><CUSTOMER_NAME/><DESCRIPTION>Sentinal Desktop</DESCRIPTION><CURRENCY_CODE>USD</CURRENCY_CODE><AMOUNT>1000</AMOUNT>
<LIST_G_LINE_ERRORS>
<G_LINE_ERRORS>
<INTERFACE_LINE_ID_ERR>1</INTERFACE_LINE_ID_ERR><ERROR_TEXT>You must enter a valid bill-to customer account number. The current number is {BILL_CUSTOMER_ACCOUNT_NUMBER. (12021)</ERROR_TEXT><LINE_ERR_NUM>1</LINE_ERR_NUM>
</G_LINE_ERRORS>
<G_LINE_ERRORS>
<INTERFACE_LINE_ID_ERR>2</INTERFACE_LINE_ID_ERR><ERROR_TEXT>Each line must have a unique combination of INTERFACE_LINE_ATTRIBUTE1-15 and INTERFACE_LINE_CONTEXT values for the line transaction flexfield. (Glass And Door.1.567894.1.351.1000.42678.INV1009)</ERROR_TEXT><LINE_ERR_NUM>2</LINE_ERR_NUM>
</G_LINE_ERRORS>
</LIST_G_LINE_ERRORS>
<FIRST_LINE_ERROR>1</FIRST_LINE_ERROR>
<FIRST_SALES_ERROR></FIRST_SALES_ERROR>
<FIRST_DIST_ERROR></FIRST_DIST_ERROR>
<AMOUNT_DISP>1000.0</AMOUNT_DISP>
</G_LINES_WITH_ERRORS>
<G_LINES_WITH_ERRORS>
<INTERFACE_LINE_ID>100000009947469</INTERFACE_LINE_ID><BATCH_SOURCE_NAME>MILGARD EBS SPREADSHEET</BATCH_SOURCE_NAME><TYPE_NAME>Invoice</TYPE_NAME><CUSTOMER_NAME/><DESCRIPTION>Sentinal Desktop</DESCRIPTION><CURRENCY_CODE>USD</CURRENCY_CODE><AMOUNT>1000</AMOUNT>
<LIST_G_LINE_ERRORS>
<G_LINE_ERRORS>
<INTERFACE_LINE_ID_ERR>1</INTERFACE_LINE_ID_ERR><ERROR_TEXT>You must enter a valid bill-to customer account number. The current number is {BILL_CUSTOMER_ACCOUNT_NUMBER. (12021)</ERROR_TEXT><LINE_ERR_NUM>1</LINE_ERR_NUM>
</G_LINE_ERRORS>
<G_LINE_ERRORS>
<INTERFACE_LINE_ID_ERR>2</INTERFACE_LINE_ID_ERR><ERROR_TEXT>Each line must have a unique combination of INTERFACE_LINE_ATTRIBUTE1-15 and INTERFACE_LINE_CONTEXT values for the line transaction flexfield. (Glass And Door.1.567894.1.351.1000.42678.INV1009)</ERROR_TEXT><LINE_ERR_NUM>2</LINE_ERR_NUM>
</G_LINE_ERRORS>
</LIST_G_LINE_ERRORS>
<FIRST_LINE_ERROR>1</FIRST_LINE_ERROR>
<FIRST_SALES_ERROR></FIRST_SALES_ERROR>
<FIRST_DIST_ERROR></FIRST_DIST_ERROR>
<AMOUNT_DISP>1000.0</AMOUNT_DISP>
</G_LINES_WITH_ERRORS>
<G_LINES_WITH_ERRORS>
<INTERFACE_LINE_ID>100000009961077</INTERFACE_LINE_ID><BATCH_SOURCE_NAME>MILGARD EBS SPREADSHEET</BATCH_SOURCE_NAME><TYPE_NAME>Invoice</TYPE_NAME><CUSTOMER_NAME/><DESCRIPTION>Sentinal Desktop</DESCRIPTION><CURRENCY_CODE>USD</CURRENCY_CODE><AMOUNT>1000</AMOUNT>
<LIST_G_LINE_ERRORS>
<G_LINE_ERRORS>
<INTERFACE_LINE_ID_ERR>1</INTERFACE_LINE_ID_ERR><ERROR_TEXT>You must enter a valid bill-to customer account number. The current number is {BILL_CUSTOMER_ACCOUNT_NUMBER. (12021)</ERROR_TEXT><LINE_ERR_NUM>1</LINE_ERR_NUM>
</G_LINE_ERRORS>
<G_LINE_ERRORS>
<INTERFACE_LINE_ID_ERR>2</INTERFACE_LINE_ID_ERR><ERROR_TEXT>Each line must have a unique combination of INTERFACE_LINE_ATTRIBUTE1-15 and INTERFACE_LINE_CONTEXT values for the line transaction flexfield. (Glass And Door.1.567894.1.351.1000.42678.INV1009)</ERROR_TEXT><LINE_ERR_NUM>2</LINE_ERR_NUM>
</G_LINE_ERRORS>
</LIST_G_LINE_ERRORS>
<FIRST_LINE_ERROR>1</FIRST_LINE_ERROR>
<FIRST_SALES_ERROR></FIRST_SALES_ERROR>
<FIRST_DIST_ERROR></FIRST_DIST_ERROR>
<AMOUNT_DISP>1000.0</AMOUNT_DISP>
</G_LINES_WITH_ERRORS>
<G_LINES_WITH_ERRORS>
<INTERFACE_LINE_ID>100000009961112</INTERFACE_LINE_ID><BATCH_SOURCE_NAME>MILGARD EBS SPREADSHEET</BATCH_SOURCE_NAME><TYPE_NAME>Invoice</TYPE_NAME><CUSTOMER_NAME/><DESCRIPTION>Sentinal Desktop</DESCRIPTION><CURRENCY_CODE>USD</CURRENCY_CODE><AMOUNT>1000</AMOUNT>
<LIST_G_LINE_ERRORS>
<G_LINE_ERRORS>
<INTERFACE_LINE_ID_ERR>1</INTERFACE_LINE_ID_ERR><ERROR_TEXT>You must enter a valid bill-to customer account number. The current number is {BILL_CUSTOMER_ACCOUNT_NUMBER. (12021)</ERROR_TEXT><LINE_ERR_NUM>1</LINE_ERR_NUM>
</G_LINE_ERRORS>
<G_LINE_ERRORS>
<INTERFACE_LINE_ID_ERR>2</INTERFACE_LINE_ID_ERR><ERROR_TEXT>Each line must have a unique combination of INTERFACE_LINE_ATTRIBUTE1-15 and INTERFACE_LINE_CONTEXT values for the line transaction flexfield. (Glass And Door.1.567894.1.351.1000.42678.INV1009)</ERROR_TEXT><LINE_ERR_NUM>2</LINE_ERR_NUM>
</G_LINE_ERRORS>
</LIST_G_LINE_ERRORS>
<FIRST_LINE_ERROR>1</FIRST_LINE_ERROR>
<FIRST_SALES_ERROR></FIRST_SALES_ERROR>
<FIRST_DIST_ERROR></FIRST_DIST_ERROR>
<AMOUNT_DISP>1000.0</AMOUNT_DISP>
</G_LINES_WITH_ERRORS>
<G_LINES_WITH_ERRORS>
<INTERFACE_LINE_ID>100000009961126</INTERFACE_LINE_ID><BATCH_SOURCE_NAME>MILGARD EBS SPREADSHEET</BATCH_SOURCE_NAME><TYPE_NAME>Invoice</TYPE_NAME><CUSTOMER_NAME/><DESCRIPTION>Sentinal Desktop</DESCRIPTION><CURRENCY_CODE>USD</CURRENCY_CODE><AMOUNT>1000</AMOUNT>
<LIST_G_LINE_ERRORS>
<G_LINE_ERRORS>
<INTERFACE_LINE_ID_ERR>1</INTERFACE_LINE_ID_ERR><ERROR_TEXT>You must enter a valid bill-to customer account number. The current number is {BILL_CUSTOMER_ACCOUNT_NUMBER. (12021)</ERROR_TEXT><LINE_ERR_NUM>1</LINE_ERR_NUM>
</G_LINE_ERRORS>
<G_LINE_ERRORS>
<INTERFACE_LINE_ID_ERR>2</INTERFACE_LINE_ID_ERR><ERROR_TEXT>Each line must have a unique combination of INTERFACE_LINE_ATTRIBUTE1-15 and INTERFACE_LINE_CONTEXT values for the line transaction flexfield. (Glass And Door.1.567894.1.351.1000.42678.INV1009)</ERROR_TEXT><LINE_ERR_NUM>2</LINE_ERR_NUM>
</G_LINE_ERRORS>
</LIST_G_LINE_ERRORS>
<FIRST_LINE_ERROR>1</FIRST_LINE_ERROR>
<FIRST_SALES_ERROR></FIRST_SALES_ERROR>
<FIRST_DIST_ERROR></FIRST_DIST_ERROR>
<AMOUNT_DISP>1000.0</AMOUNT_DISP>
</G_LINES_WITH_ERRORS>
<G_LINES_WITH_ERRORS>
<INTERFACE_LINE_ID>100000009961236</INTERFACE_LINE_ID><BATCH_SOURCE_NAME>MILGARD EBS SPREADSHEET</BATCH_SOURCE_NAME><TYPE_NAME>Invoice</TYPE_NAME><CUSTOMER_NAME/><DESCRIPTION>Sentinal Desktop</DESCRIPTION><CURRENCY_CODE>USD</CURRENCY_CODE><AMOUNT>1000</AMOUNT>
<LIST_G_LINE_ERRORS>
<G_LINE_ERRORS>
<INTERFACE_LINE_ID_ERR>1</INTERFACE_LINE_ID_ERR><ERROR_TEXT>You must enter a valid bill-to customer account number. The current number is {BILL_CUSTOMER_ACCOUNT_NUMBER. (12021)</ERROR_TEXT><LINE_ERR_NUM>1</LINE_ERR_NUM>
</G_LINE_ERRORS>
<G_LINE_ERRORS>
<INTERFACE_LINE_ID_ERR>2</INTERFACE_LINE_ID_ERR><ERROR_TEXT>Each line must have a unique combination of INTERFACE_LINE_ATTRIBUTE1-15 and INTERFACE_LINE_CONTEXT values for the line transaction flexfield. (Glass And Door.1.567894.1.351.1000.42678.INV1009)</ERROR_TEXT><LINE_ERR_NUM>2</LINE_ERR_NUM>
</G_LINE_ERRORS>
</LIST_G_LINE_ERRORS>
<FIRST_LINE_ERROR>1</FIRST_LINE_ERROR>
<FIRST_SALES_ERROR></FIRST_SALES_ERROR>
<FIRST_DIST_ERROR></FIRST_DIST_ERROR>
<AMOUNT_DISP>1000.0</AMOUNT_DISP>
</G_LINES_WITH_ERRORS>
<G_LINES_WITH_ERRORS>
<INTERFACE_LINE_ID>100000009961483</INTERFACE_LINE_ID><BATCH_SOURCE_NAME>MILGARD EBS SPREADSHEET</BATCH_SOURCE_NAME><TYPE_NAME>Invoice</TYPE_NAME><CUSTOMER_NAME/><DESCRIPTION>Sentinal Desktop</DESCRIPTION><CURRENCY_CODE>USD</CURRENCY_CODE><AMOUNT>1000</AMOUNT>
<LIST_G_LINE_ERRORS>
<G_LINE_ERRORS>
<INTERFACE_LINE_ID_ERR>1</INTERFACE_LINE_ID_ERR><ERROR_TEXT>You must enter a valid bill-to customer account number. The current number is {BILL_CUSTOMER_ACCOUNT_NUMBER. (12021)</ERROR_TEXT><LINE_ERR_NUM>1</LINE_ERR_NUM>
</G_LINE_ERRORS>
<G_LINE_ERRORS>
<INTERFACE_LINE_ID_ERR>2</INTERFACE_LINE_ID_ERR><ERROR_TEXT>Each line must have a unique combination of INTERFACE_LINE_ATTRIBUTE1-15 and INTERFACE_LINE_CONTEXT values for the line transaction flexfield. (Glass And Door.1.567894.1.351.1000.42678.INV1009)</ERROR_TEXT><LINE_ERR_NUM>2</LINE_ERR_NUM>
</G_LINE_ERRORS>
</LIST_G_LINE_ERRORS>
<FIRST_LINE_ERROR>1</FIRST_LINE_ERROR>
<FIRST_SALES_ERROR></FIRST_SALES_ERROR>
<FIRST_DIST_ERROR></FIRST_DIST_ERROR>
<AMOUNT_DISP>1000.0</AMOUNT_DISP>
</G_LINES_WITH_ERRORS>
<G_LINES_WITH_ERRORS>
<INTERFACE_LINE_ID>100000009961596</INTERFACE_LINE_ID><BATCH_SOURCE_NAME>MILGARD EBS SPREADSHEET</BATCH_SOURCE_NAME><TYPE_NAME>Invoice</TYPE_NAME><CUSTOMER_NAME/><DESCRIPTION>Sentinal Desktop</DESCRIPTION><CURRENCY_CODE>USD</CURRENCY_CODE><AMOUNT>1000</AMOUNT>
<LIST_G_LINE_ERRORS>
<G_LINE_ERRORS>
<INTERFACE_LINE_ID_ERR>1</INTERFACE_LINE_ID_ERR><ERROR_TEXT>You must enter a valid bill-to customer account number. The current number is {BILL_CUSTOMER_ACCOUNT_NUMBER. (12021)</ERROR_TEXT><LINE_ERR_NUM>1</LINE_ERR_NUM>
</G_LINE_ERRORS>
<G_LINE_ERRORS>
<INTERFACE_LINE_ID_ERR>2</INTERFACE_LINE_ID_ERR><ERROR_TEXT>Each line must have a unique combination of INTERFACE_LINE_ATTRIBUTE1-15 and INTERFACE_LINE_CONTEXT values for the line transaction flexfield. (Glass And Door.1.567894.1.351.1000.42678.INV1009)</ERROR_TEXT><LINE_ERR_NUM>2</LINE_ERR_NUM>
</G_LINE_ERRORS>
</LIST_G_LINE_ERRORS>
<FIRST_LINE_ERROR>1</FIRST_LINE_ERROR>
<FIRST_SALES_ERROR></FIRST_SALES_ERROR>
<FIRST_DIST_ERROR></FIRST_DIST_ERROR>
<AMOUNT_DISP>1000.0</AMOUNT_DISP>
</G_LINES_WITH_ERRORS>
<G_LINES_WITH_ERRORS>
<INTERFACE_LINE_ID>100000009976026</INTERFACE_LINE_ID><BATCH_SOURCE_NAME>MILGARD EBS SPREADSHEET</BATCH_SOURCE_NAME><TYPE_NAME>Invoice</TYPE_NAME><CUSTOMER_NAME/><DESCRIPTION>Sentinal Desktop</DESCRIPTION><CURRENCY_CODE>USD</CURRENCY_CODE><AMOUNT>1000</AMOUNT>
<LIST_G_LINE_ERRORS>
<G_LINE_ERRORS>
<INTERFACE_LINE_ID_ERR>1</INTERFACE_LINE_ID_ERR><ERROR_TEXT>You must enter a valid bill-to customer account number. The current number is {BILL_CUSTOMER_ACCOUNT_NUMBER. (12021)</ERROR_TEXT><LINE_ERR_NUM>1</LINE_ERR_NUM>
</G_LINE_ERRORS>
<G_LINE_ERRORS>
<INTERFACE_LINE_ID_ERR>2</INTERFACE_LINE_ID_ERR><ERROR_TEXT>Each line must have a unique combination of INTERFACE_LINE_ATTRIBUTE1-15 and INTERFACE_LINE_CONTEXT values for the line transaction flexfield. (Glass And Door.1.567894.1.351.1000.42678.INV1009)</ERROR_TEXT><LINE_ERR_NUM>2</LINE_ERR_NUM>
</G_LINE_ERRORS>
</LIST_G_LINE_ERRORS>
<FIRST_LINE_ERROR>1</FIRST_LINE_ERROR>
<FIRST_SALES_ERROR></FIRST_SALES_ERROR>
<FIRST_DIST_ERROR></FIRST_DIST_ERROR>
<AMOUNT_DISP>1000.0</AMOUNT_DISP>
</G_LINES_WITH_ERRORS>
<G_LINES_WITH_ERRORS>
<INTERFACE_LINE_ID>100000009976053</INTERFACE_LINE_ID><BATCH_SOURCE_NAME>MILGARD EBS SPREADSHEET</BATCH_SOURCE_NAME><TYPE_NAME>Invoice</TYPE_NAME><CUSTOMER_NAME/><DESCRIPTION>Sentinal Desktop</DESCRIPTION><CURRENCY_CODE>USD</CURRENCY_CODE><AMOUNT>1000</AMOUNT>
<LIST_G_LINE_ERRORS>
<G_LINE_ERRORS>
<INTERFACE_LINE_ID_ERR>1</INTERFACE_LINE_ID_ERR><ERROR_TEXT>You must enter a valid bill-to customer account number. The current number is {BILL_CUSTOMER_ACCOUNT_NUMBER. (12021)</ERROR_TEXT><LINE_ERR_NUM>1</LINE_ERR_NUM>
</G_LINE_ERRORS>
<G_LINE_ERRORS>
<INTERFACE_LINE_ID_ERR>2</INTERFACE_LINE_ID_ERR><ERROR_TEXT>Each line must have a unique combination of INTERFACE_LINE_ATTRIBUTE1-15 and INTERFACE_LINE_CONTEXT values for the line transaction flexfield. (Glass And Door.1.567894.1.351.1000.42678.INV1009)</ERROR_TEXT><LINE_ERR_NUM>2</LINE_ERR_NUM>
</G_LINE_ERRORS>
</LIST_G_LINE_ERRORS>
<FIRST_LINE_ERROR>1</FIRST_LINE_ERROR>
<FIRST_SALES_ERROR></FIRST_SALES_ERROR>
<FIRST_DIST_ERROR></FIRST_DIST_ERROR>
<AMOUNT_DISP>1000.0</AMOUNT_DISP>
</G_LINES_WITH_ERRORS>
<G_LINES_WITH_ERRORS>
<INTERFACE_LINE_ID>100000010003202</INTERFACE_LINE_ID><BATCH_SOURCE_NAME>MILGARD EBS SPREADSHEET</BATCH_SOURCE_NAME><TYPE_NAME>Invoice</TYPE_NAME><CUSTOMER_NAME/><DESCRIPTION>Sentinal Desktop</DESCRIPTION><CURRENCY_CODE>USD</CURRENCY_CODE><AMOUNT>1000</AMOUNT>
<LIST_G_LINE_ERRORS>
<G_LINE_ERRORS>
<INTERFACE_LINE_ID_ERR>1</INTERFACE_LINE_ID_ERR><ERROR_TEXT>You must enter a valid bill-to customer account number. The current number is {BILL_CUSTOMER_ACCOUNT_NUMBER. (12021)</ERROR_TEXT><LINE_ERR_NUM>1</LINE_ERR_NUM>
</G_LINE_ERRORS>
<G_LINE_ERRORS>
<INTERFACE_LINE_ID_ERR>2</INTERFACE_LINE_ID_ERR><ERROR_TEXT>Each line must have a unique combination of INTERFACE_LINE_ATTRIBUTE1-15 and INTERFACE_LINE_CONTEXT values for the line transaction flexfield. (Glass And Door.1.567894.1.351.1000.42678.INV1009)</ERROR_TEXT><LINE_ERR_NUM>2</LINE_ERR_NUM>
</G_LINE_ERRORS>
</LIST_G_LINE_ERRORS>
<FIRST_LINE_ERROR>1</FIRST_LINE_ERROR>
<FIRST_SALES_ERROR></FIRST_SALES_ERROR>
<FIRST_DIST_ERROR></FIRST_DIST_ERROR>
<AMOUNT_DISP>1000.0</AMOUNT_DISP>
</G_LINES_WITH_ERRORS>
<G_LINES_WITH_ERRORS>
<INTERFACE_LINE_ID>100000010016444</INTERFACE_LINE_ID><BATCH_SOURCE_NAME>MILGARD EBS SPREADSHEET</BATCH_SOURCE_NAME><TYPE_NAME>Invoice</TYPE_NAME><CUSTOMER_NAME/><DESCRIPTION>Sentinal Desktop</DESCRIPTION><CURRENCY_CODE>USD</CURRENCY_CODE><AMOUNT>1000</AMOUNT>
<LIST_G_LINE_ERRORS>
<G_LINE_ERRORS>
<INTERFACE_LINE_ID_ERR>1</INTERFACE_LINE_ID_ERR><ERROR_TEXT>You must enter a valid bill-to customer account number. The current number is {BILL_CUSTOMER_ACCOUNT_NUMBER. (12021)</ERROR_TEXT><LINE_ERR_NUM>1</LINE_ERR_NUM>
</G_LINE_ERRORS>
<G_LINE_ERRORS>
<INTERFACE_LINE_ID_ERR>2</INTERFACE_LINE_ID_ERR><ERROR_TEXT>Each line must have a unique combination of INTERFACE_LINE_ATTRIBUTE1-15 and INTERFACE_LINE_CONTEXT values for the line transaction flexfield. (Glass And Door.1.567894.1.351.1000.42678.INV1009)</ERROR_TEXT><LINE_ERR_NUM>2</LINE_ERR_NUM>
</G_LINE_ERRORS>
</LIST_G_LINE_ERRORS>
<FIRST_LINE_ERROR>1</FIRST_LINE_ERROR>
<FIRST_SALES_ERROR></FIRST_SALES_ERROR>
<FIRST_DIST_ERROR></FIRST_DIST_ERROR>
<AMOUNT_DISP>1000.0</AMOUNT_DISP>
</G_LINES_WITH_ERRORS>
<G_LINES_WITH_ERRORS>
<INTERFACE_LINE_ID>100000010016796</INTERFACE_LINE_ID><BATCH_SOURCE_NAME>MILGARD EBS SPREADSHEET</BATCH_SOURCE_NAME><TYPE_NAME>Invoice</TYPE_NAME><CUSTOMER_NAME/><DESCRIPTION>Sentinal Desktop</DESCRIPTION><CURRENCY_CODE>USD</CURRENCY_CODE><AMOUNT>1000</AMOUNT>
<LIST_G_LINE_ERRORS>
<G_LINE_ERRORS>
<INTERFACE_LINE_ID_ERR>1</INTERFACE_LINE_ID_ERR><ERROR_TEXT>You must enter a valid bill-to customer account number. The current number is {BILL_CUSTOMER_ACCOUNT_NUMBER. (12021)</ERROR_TEXT><LINE_ERR_NUM>1</LINE_ERR_NUM>
</G_LINE_ERRORS>
<G_LINE_ERRORS>
<INTERFACE_LINE_ID_ERR>2</INTERFACE_LINE_ID_ERR><ERROR_TEXT>Each line must have a unique combination of INTERFACE_LINE_ATTRIBUTE1-15 and INTERFACE_LINE_CONTEXT values for the line transaction flexfield. (Glass And Door.1.567894.1.351.1000.42678.INV1009)</ERROR_TEXT><LINE_ERR_NUM>2</LINE_ERR_NUM>
</G_LINE_ERRORS>
</LIST_G_LINE_ERRORS>
<FIRST_LINE_ERROR>1</FIRST_LINE_ERROR>
<FIRST_SALES_ERROR></FIRST_SALES_ERROR>
<FIRST_DIST_ERROR></FIRST_DIST_ERROR>
<AMOUNT_DISP>1000.0</AMOUNT_DISP>
</G_LINES_WITH_ERRORS>
<G_LINES_WITH_ERRORS>
<INTERFACE_LINE_ID>100000010016821</INTERFACE_LINE_ID><BATCH_SOURCE_NAME>MILGARD EBS SPREADSHEET</BATCH_SOURCE_NAME><TYPE_NAME>Invoice</TYPE_NAME><CUSTOMER_NAME/><DESCRIPTION>Sentinal Desktop</DESCRIPTION><CURRENCY_CODE>USD</CURRENCY_CODE><AMOUNT>1000</AMOUNT>
<LIST_G_LINE_ERRORS>
<G_LINE_ERRORS>
<INTERFACE_LINE_ID_ERR>1</INTERFACE_LINE_ID_ERR><ERROR_TEXT>You must enter a valid bill-to customer account number. The current number is {BILL_CUSTOMER_ACCOUNT_NUMBER. (12021)</ERROR_TEXT><LINE_ERR_NUM>1</LINE_ERR_NUM>
</G_LINE_ERRORS>
<G_LINE_ERRORS>
<INTERFACE_LINE_ID_ERR>2</INTERFACE_LINE_ID_ERR><ERROR_TEXT>Each line must have a unique combination of INTERFACE_LINE_ATTRIBUTE1-15 and INTERFACE_LINE_CONTEXT values for the line transaction flexfield. (Glass And Door.1.567894.1.351.1000.42678.INV1009)</ERROR_TEXT><LINE_ERR_NUM>2</LINE_ERR_NUM>
</G_LINE_ERRORS>
</LIST_G_LINE_ERRORS>
<FIRST_LINE_ERROR>1</FIRST_LINE_ERROR>
<FIRST_SALES_ERROR></FIRST_SALES_ERROR>
<FIRST_DIST_ERROR></FIRST_DIST_ERROR>
<AMOUNT_DISP>1000.0</AMOUNT_DISP>
</G_LINES_WITH_ERRORS>
<G_LINES_WITH_ERRORS>
<INTERFACE_LINE_ID>100000010057723</INTERFACE_LINE_ID><BATCH_SOURCE_NAME>MILGARD EBS SPREADSHEET</BATCH_SOURCE_NAME><TYPE_NAME>Invoice</TYPE_NAME><CUSTOMER_NAME/><DESCRIPTION>Sentinal Desktop</DESCRIPTION><CURRENCY_CODE>USD</CURRENCY_CODE><AMOUNT>1000</AMOUNT>
<LIST_G_LINE_ERRORS>
<G_LINE_ERRORS>
<INTERFACE_LINE_ID_ERR>1</INTERFACE_LINE_ID_ERR><ERROR_TEXT>You must enter a valid bill-to customer account number. The current number is {BILL_CUSTOMER_ACCOUNT_NUMBER. (12021)</ERROR_TEXT><LINE_ERR_NUM>1</LINE_ERR_NUM>
</G_LINE_ERRORS>
<G_LINE_ERRORS>
<INTERFACE_LINE_ID_ERR>2</INTERFACE_LINE_ID_ERR><ERROR_TEXT>Each line must have a unique combination of INTERFACE_LINE_ATTRIBUTE1-15 and INTERFACE_LINE_CONTEXT values for the line transaction flexfield. (Glass And Door.1.567894.1.351.1000.42678.INV1009)</ERROR_TEXT><LINE_ERR_NUM>2</LINE_ERR_NUM>
</G_LINE_ERRORS>
</LIST_G_LINE_ERRORS>
<FIRST_LINE_ERROR>1</FIRST_LINE_ERROR>
<FIRST_SALES_ERROR></FIRST_SALES_ERROR>
<FIRST_DIST_ERROR></FIRST_DIST_ERROR>
<AMOUNT_DISP>1000.0</AMOUNT_DISP>
</G_LINES_WITH_ERRORS>
<G_LINES_WITH_ERRORS>
<INTERFACE_LINE_ID>100000010159114</INTERFACE_LINE_ID><BATCH_SOURCE_NAME>MILGARD EBS SPREADSHEET</BATCH_SOURCE_NAME><TYPE_NAME>Invoice</TYPE_NAME><CUSTOMER_NAME/><DESCRIPTION>Sentinal Desktop</DESCRIPTION><CURRENCY_CODE>USD</CURRENCY_CODE><AMOUNT>1000</AMOUNT>
<LIST_G_LINE_ERRORS>
<G_LINE_ERRORS>
<INTERFACE_LINE_ID_ERR>1</INTERFACE_LINE_ID_ERR><ERROR_TEXT>You must enter a valid bill-to customer account number. The current number is {BILL_CUSTOMER_ACCOUNT_NUMBER. (12021)</ERROR_TEXT><LINE_ERR_NUM>1</LINE_ERR_NUM>
</G_LINE_ERRORS>
<G_LINE_ERRORS>
<INTERFACE_LINE_ID_ERR>2</INTERFACE_LINE_ID_ERR><ERROR_TEXT>Each line must have a unique combination of INTERFACE_LINE_ATTRIBUTE1-15 and INTERFACE_LINE_CONTEXT values for the line transaction flexfield. (Glass And Door.1.567894.1.351.1000.42678.INV1009)</ERROR_TEXT><LINE_ERR_NUM>2</LINE_ERR_NUM>
</G_LINE_ERRORS>
</LIST_G_LINE_ERRORS>
<FIRST_LINE_ERROR>1</FIRST_LINE_ERROR>
<FIRST_SALES_ERROR></FIRST_SALES_ERROR>
<FIRST_DIST_ERROR></FIRST_DIST_ERROR>
<AMOUNT_DISP>1000.0</AMOUNT_DISP>
</G_LINES_WITH_ERRORS>
<G_LINES_WITH_ERRORS>
<INTERFACE_LINE_ID>100000010162285</INTERFACE_LINE_ID><BATCH_SOURCE_NAME>MILGARD EBS SPREADSHEET</BATCH_SOURCE_NAME><TYPE_NAME>Invoice</TYPE_NAME><CUSTOMER_NAME/><DESCRIPTION>Sentinal Desktop</DESCRIPTION><CURRENCY_CODE>USD</CURRENCY_CODE><AMOUNT>1000</AMOUNT>
<LIST_G_LINE_ERRORS>
<G_LINE_ERRORS>
<INTERFACE_LINE_ID_ERR>1</INTERFACE_LINE_ID_ERR><ERROR_TEXT>You must enter a valid bill-to customer account number. The current number is {BILL_CUSTOMER_ACCOUNT_NUMBER. (12021)</ERROR_TEXT><LINE_ERR_NUM>1</LINE_ERR_NUM>
</G_LINE_ERRORS>
<G_LINE_ERRORS>
<INTERFACE_LINE_ID_ERR>2</INTERFACE_LINE_ID_ERR><ERROR_TEXT>Each line must have a unique combination of INTERFACE_LINE_ATTRIBUTE1-15 and INTERFACE_LINE_CONTEXT values for the line transaction flexfield. (Glass And Door.1.567894.1.351.1000.42678.INV1009)</ERROR_TEXT><LINE_ERR_NUM>2</LINE_ERR_NUM>
</G_LINE_ERRORS>
</LIST_G_LINE_ERRORS>
<FIRST_LINE_ERROR>1</FIRST_LINE_ERROR>
<FIRST_SALES_ERROR></FIRST_SALES_ERROR>
<FIRST_DIST_ERROR></FIRST_DIST_ERROR>
<AMOUNT_DISP>1000.0</AMOUNT_DISP>
</G_LINES_WITH_ERRORS>
<G_LINES_WITH_ERRORS>
<INTERFACE_LINE_ID>100000010162387</INTERFACE_LINE_ID><BATCH_SOURCE_NAME>MILGARD EBS SPREADSHEET</BATCH_SOURCE_NAME><TYPE_NAME>Invoice</TYPE_NAME><CUSTOMER_NAME/><DESCRIPTION>Sentinal Desktop</DESCRIPTION><CURRENCY_CODE>USD</CURRENCY_CODE><AMOUNT>1000</AMOUNT>
<LIST_G_LINE_ERRORS>
<G_LINE_ERRORS>
<INTERFACE_LINE_ID_ERR>1</INTERFACE_LINE_ID_ERR><ERROR_TEXT>You must enter a valid bill-to customer account number. The current number is {BILL_CUSTOMER_ACCOUNT_NUMBER. (12021)</ERROR_TEXT><LINE_ERR_NUM>1</LINE_ERR_NUM>
</G_LINE_ERRORS>
<G_LINE_ERRORS>
<INTERFACE_LINE_ID_ERR>2</INTERFACE_LINE_ID_ERR><ERROR_TEXT>Each line must have a unique combination of INTERFACE_LINE_ATTRIBUTE1-15 and INTERFACE_LINE_CONTEXT values for the line transaction flexfield. (Glass And Door.1.567894.1.351.1000.42678.INV1009)</ERROR_TEXT><LINE_ERR_NUM>2</LINE_ERR_NUM>
</G_LINE_ERRORS>
</LIST_G_LINE_ERRORS>
<FIRST_LINE_ERROR>1</FIRST_LINE_ERROR>
<FIRST_SALES_ERROR></FIRST_SALES_ERROR>
<FIRST_DIST_ERROR></FIRST_DIST_ERROR>
<AMOUNT_DISP>1000.0</AMOUNT_DISP>
</G_LINES_WITH_ERRORS>
<G_LINES_WITH_ERRORS>
<INTERFACE_LINE_ID>100000010162484</INTERFACE_LINE_ID><BATCH_SOURCE_NAME>MILGARD EBS SPREADSHEET</BATCH_SOURCE_NAME><TYPE_NAME>Invoice</TYPE_NAME><CUSTOMER_NAME/><DESCRIPTION>Sentinal Desktop</DESCRIPTION><CURRENCY_CODE>USD</CURRENCY_CODE><AMOUNT>1000</AMOUNT>
<LIST_G_LINE_ERRORS>
<G_LINE_ERRORS>
<INTERFACE_LINE_ID_ERR>1</INTERFACE_LINE_ID_ERR><ERROR_TEXT>You must enter a valid bill-to customer account number. The current number is {BILL_CUSTOMER_ACCOUNT_NUMBER. (12021)</ERROR_TEXT><LINE_ERR_NUM>1</LINE_ERR_NUM>
</G_LINE_ERRORS>
<G_LINE_ERRORS>
<INTERFACE_LINE_ID_ERR>2</INTERFACE_LINE_ID_ERR><ERROR_TEXT>Each line must have a unique combination of INTERFACE_LINE_ATTRIBUTE1-15 and INTERFACE_LINE_CONTEXT values for the line transaction flexfield. (Glass And Door.1.567894.1.351.1000.42678.INV1009)</ERROR_TEXT><LINE_ERR_NUM>2</LINE_ERR_NUM>
</G_LINE_ERRORS>
</LIST_G_LINE_ERRORS>
<FIRST_LINE_ERROR>1</FIRST_LINE_ERROR>
<FIRST_SALES_ERROR></FIRST_SALES_ERROR>
<FIRST_DIST_ERROR></FIRST_DIST_ERROR>
<AMOUNT_DISP>1000.0</AMOUNT_DISP>
</G_LINES_WITH_ERRORS>
<G_LINES_WITH_ERRORS>
<INTERFACE_LINE_ID>100000010162529</INTERFACE_LINE_ID><BATCH_SOURCE_NAME>MILGARD EBS SPREADSHEET</BATCH_SOURCE_NAME><TYPE_NAME>Invoice</TYPE_NAME><CUSTOMER_NAME/><DESCRIPTION>Sentinal Desktop</DESCRIPTION><CURRENCY_CODE>USD</CURRENCY_CODE><AMOUNT>1000</AMOUNT>
<LIST_G_LINE_ERRORS>
<G_LINE_ERRORS>
<INTERFACE_LINE_ID_ERR>1</INTERFACE_LINE_ID_ERR><ERROR_TEXT>You must enter a valid bill-to customer account number. The current number is {BILL_CUSTOMER_ACCOUNT_NUMBER. (12021)</ERROR_TEXT><LINE_ERR_NUM>1</LINE_ERR_NUM>
</G_LINE_ERRORS>
<G_LINE_ERRORS>
<INTERFACE_LINE_ID_ERR>2</INTERFACE_LINE_ID_ERR><ERROR_TEXT>Each line must have a unique combination of INTERFACE_LINE_ATTRIBUTE1-15 and INTERFACE_LINE_CONTEXT values for the line transaction flexfield. (Glass And Door.1.567894.1.351.1000.42678.INV1009)</ERROR_TEXT><LINE_ERR_NUM>2</LINE_ERR_NUM>
</G_LINE_ERRORS>
</LIST_G_LINE_ERRORS>
<FIRST_LINE_ERROR>1</FIRST_LINE_ERROR>
<FIRST_SALES_ERROR></FIRST_SALES_ERROR>
<FIRST_DIST_ERROR></FIRST_DIST_ERROR>
<AMOUNT_DISP>1000.0</AMOUNT_DISP>
</G_LINES_WITH_ERRORS>
<G_LINES_WITH_ERRORS>
<INTERFACE_LINE_ID>100000010169227</INTERFACE_LINE_ID><BATCH_SOURCE_NAME>MILGARD EBS SPREADSHEET</BATCH_SOURCE_NAME><TYPE_NAME>Invoice</TYPE_NAME><CUSTOMER_NAME/><DESCRIPTION>Sentinal Desktop</DESCRIPTION><CURRENCY_CODE>USD</CURRENCY_CODE><AMOUNT>1000</AMOUNT>
<LIST_G_LINE_ERRORS>
<G_LINE_ERRORS>
<INTERFACE_LINE_ID_ERR>1</INTERFACE_LINE_ID_ERR><ERROR_TEXT>You must enter a valid bill-to customer account number. The current number is {BILL_CUSTOMER_ACCOUNT_NUMBER. (12021)</ERROR_TEXT><LINE_ERR_NUM>1</LINE_ERR_NUM>
</G_LINE_ERRORS>
<G_LINE_ERRORS>
<INTERFACE_LINE_ID_ERR>2</INTERFACE_LINE_ID_ERR><ERROR_TEXT>Each line must have a unique combination of INTERFACE_LINE_ATTRIBUTE1-15 and INTERFACE_LINE_CONTEXT values for the line transaction flexfield. (Glass And Door.1.567894.1.351.1000.42678.INV1009)</ERROR_TEXT><LINE_ERR_NUM>2</LINE_ERR_NUM>
</G_LINE_ERRORS>
</LIST_G_LINE_ERRORS>
<FIRST_LINE_ERROR>1</FIRST_LINE_ERROR>
<FIRST_SALES_ERROR></FIRST_SALES_ERROR>
<FIRST_DIST_ERROR></FIRST_DIST_ERROR>
<AMOUNT_DISP>1000.0</AMOUNT_DISP>
</G_LINES_WITH_ERRORS>
<G_LINES_WITH_ERRORS>
<INTERFACE_LINE_ID>100000010177988</INTERFACE_LINE_ID><BATCH_SOURCE_NAME>MILGARD EBS SPREADSHEET</BATCH_SOURCE_NAME><TYPE_NAME>Invoice</TYPE_NAME><CUSTOMER_NAME/><DESCRIPTION>Sentinal Desktop</DESCRIPTION><CURRENCY_CODE>USD</CURRENCY_CODE><AMOUNT>1000</AMOUNT>
<LIST_G_LINE_ERRORS>
<G_LINE_ERRORS>
<INTERFACE_LINE_ID_ERR>1</INTERFACE_LINE_ID_ERR><ERROR_TEXT>You must enter a valid bill-to customer account number. The current number is {BILL_CUSTOMER_ACCOUNT_NUMBER. (12021)</ERROR_TEXT><LINE_ERR_NUM>1</LINE_ERR_NUM>
</G_LINE_ERRORS>
<G_LINE_ERRORS>
<INTERFACE_LINE_ID_ERR>2</INTERFACE_LINE_ID_ERR><ERROR_TEXT>Each line must have a unique combination of INTERFACE_LINE_ATTRIBUTE1-15 and INTERFACE_LINE_CONTEXT values for the line transaction flexfield. (Glass And Door.1.567894.1.351.1000.42678.INV1009)</ERROR_TEXT><LINE_ERR_NUM>2</LINE_ERR_NUM>
</G_LINE_ERRORS>
</LIST_G_LINE_ERRORS>
<FIRST_LINE_ERROR>1</FIRST_LINE_ERROR>
<FIRST_SALES_ERROR></FIRST_SALES_ERROR>
<FIRST_DIST_ERROR></FIRST_DIST_ERROR>
<AMOUNT_DISP>1000.0</AMOUNT_DISP>
</G_LINES_WITH_ERRORS>
</LIST_G_LINES_WITH_ERRORS>
</G_TRAN_FF>
</LIST_G_TRAN_FF>
<LIST_G_SUMMARY_INFO>
<G_SUMMARY_INFO>
<NO_OF_LINES>23</NO_OF_LINES><INV_CURR_AMOUNT>23000</INV_CURR_AMOUNT><CURR_CODE>USD</CURR_CODE>
<LIST_G_SALES_COUNT>
<G_SALES_COUNT>
<SALES_COUNT>0</SALES_COUNT>
<LIST_G_DIST_COUNT>
<G_DIST_COUNT>
<DIST_COUNT>0</DIST_COUNT>
</G_DIST_COUNT>
</LIST_G_DIST_COUNT>
</G_SALES_COUNT>
</LIST_G_SALES_COUNT>
<INV_CURR_AMOUNT_DSP>23000.0</INV_CURR_AMOUNT_DSP>
</G_SUMMARY_INFO>
</LIST_G_SUMMARY_INFO>
<LIST_G_SUM_ERRLINE>
<G_SUM_ERRLINE>
<CURR_CODE_ERR>USD</CURR_CODE_ERR><NO_OF_LINES_ERR>23</NO_OF_LINES_ERR><INV_CURR_AMOUNT_ERR>23000</INV_CURR_AMOUNT_ERR>
<LIST_G_SUM_ERRSC>
<G_SUM_ERRSC>
<SALES_COUNT1>0</SALES_COUNT1>
<LIST_G_SUM_ERRDIST>
<G_SUM_ERRDIST>
<DIST_COUNT1>0</DIST_COUNT1>
</G_SUM_ERRDIST>
</LIST_G_SUM_ERRDIST>
</G_SUM_ERRSC>
</LIST_G_SUM_ERRSC>
<D_INV_CURR_AMOUNT>23000.0</D_INV_CURR_AMOUNT>
</G_SUM_ERRLINE>
</LIST_G_SUM_ERRLINE>
<LIST_G_BATCH_SOURCE>
</LIST_G_BATCH_SOURCE>
<LIST_G_DUMMY>
<G_DUMMY>
<DUMMY_COL/><C_EXCEP_REP/>
</G_DUMMY>
</LIST_G_DUMMY>
<COMPANY_NAME>US PRIMARY USD</COMPANY_NAME>
<DATA_FOUND_FLAG>ENTITY_INVOICE_LINES:1.Glass And Door.567894.1.351.1000.42678.INV1009.1.2025-06-24 00:00:00</DATA_FOUND_FLAG>
<C_INDUSTRY_CODE/>
<C_SALESREP_TITLE/>
<C_SALESCREDIT_TITLE/>
<RUN_MODE>AND RAIL.PRIMARY_SALESREP_ID = :P_AI_REQUEST_ID</RUN_MODE>
<ORDER_BY>1</ORDER_BY>
<CONCAT_SEG_DEL>.</CONCAT_SEG_DEL>
<LP_PRED> AND RAIL.primary_salesrep_id = :p_ai_request_id   </LP_PRED>
<ACCT_FLEX_ALL_SEG_SEL/>
<P_EXCEP_REPORT>1</P_EXCEP_REPORT>
<P_RAIL_COUNT_SEL>23</P_RAIL_COUNT_SEL>
<P_RAIL_COUNT_PROC>0</P_RAIL_COUNT_PROC>
<P_RAIL_COUNT_FAILED>23</P_RAIL_COUNT_FAILED>
<P_RAIS_COUNT_SEL>0</P_RAIS_COUNT_SEL>
<P_RAIS_COUNT_PROC>0</P_RAIS_COUNT_PROC>
<P_RAIS_COUNT_FAILED>0</P_RAIS_COUNT_FAILED>
<P_RAID_COUNT_SEL>0</P_RAID_COUNT_SEL>
<P_RAID_COUNT_PROC>0</P_RAID_COUNT_PROC>
<P_RAID_COUNT_FAILED>0</P_RAID_COUNT_FAILED>
<FUNC_CURRENCY>USD</FUNC_CURRENCY>
<FUNC_PREC>2</FUNC_PREC>
<FUNC_MAU/>
<P_RAIC_COUNT_FAILED>0</P_RAIC_COUNT_FAILED>
<P_RAIC_COUNT_PROC>0</P_RAIC_COUNT_PROC>
<P_RAIC_COUNT_SEL>0</P_RAIC_COUNT_SEL>
<COMPANY_NAME>US PRIMARY USD</COMPANY_NAME>
<GT_TOTAL_TRX>0</GT_TOTAL_TRX>
<GT_TOTAL_LINES>0</GT_TOTAL_LINES>
<GT_TOTAL_AMOUNT>0</GT_TOTAL_AMOUNT>
<GT_TOTAL_SALES>0</GT_TOTAL_SALES>
<GT_TOTAL_DIST>0</GT_TOTAL_DIST>
<GT_TOTAL_AMOUNT_DISP>0.0</GT_TOTAL_AMOUNT_DISP>
<CS_NO_APP>0</CS_NO_APP>
<CS_AMT_RCT_CUR>0</CS_AMT_RCT_CUR>
<CF_AMT_RCT_CUR>0.0</CF_AMT_RCT_CUR>
<GT_TOTAL_CONT>0</GT_TOTAL_CONT>
</RAXAPR>