<?xml version="1.0" encoding="UTF-8"?>
<ESSJobFile>
    <OriginalFileName>508041.log</OriginalFileName>
    <RequestId>508041</RequestId>
    <ProcessedDate>2025-08-05T12:53:10.748899</ProcessedDate>
    <Content><![CDATA[####[2025-08-05T07:22:19.787+00:00] [INFO] dummy file is deleted
================ BIPJobExecutable Execution Started ============
OutputFile : /u01/APPLTOP/instance/ess/rfd/508041/out/508041.xml
Request ID: 508041 ClassLoader is weblogic.utils.classloaders.GenericClassLoader@4b5e6af7 finder: weblogic.utils.classloaders.CodeGenClassFinder@d8157f4 annotation: ORA_FSCM_ESSAPP#V2.0.ht2oDzXNq5fSpEjd7z9djADF0HIQlb9reo0M246_v6w@
RequestId:508041
ReportID : /Financials/Receivables/Billing/AutoInvoiceExecution.xdo
Process : BIPDocGen
The bipJobID : 71236
bipJobID is updated to ESSRuntimeService
BIP_STATUS_URL is added to ESSRuntimeService
================ BIPJobExecutable is running in async mode. ============
================ Please check the ess status for more detail info. ============

]]></Content>
</ESSJobFile>