<?xml version="1.0" encoding="UTF-8"?>
<!--Generated by Oracle Analytics Publisher -Dataengine, datamodel:_Financials_Receivables_Billing_Data_Models_AutoInvoiceExecutionDm_xdm -->
<RAXAPR><P_AI_REQUEST_ID>508040</P_AI_REQUEST_ID><P_PARALLEL_MODULE_NAME></P_PARALLEL_MODULE_NAME><P_RUNNING_MODE>T</P_RUNNING_MODE><P_BATCH_SOURCE_ID>300000003493040</P_BATCH_SOURCE_ID><P_BATCH_SOURCE_NAME>MILGARD EBS SPREADSHEET</P_BATCH_SOURCE_NAME><P_DEFAULT_DATE>2025-08-05T00:00:00.000+00:00</P_DEFAULT_DATE><P_TRANSACTION_FLEX_FIELD></P_TRANSACTION_FLEX_FIELD><P_TRANSACTION_TYPE></P_TRANSACTION_TYPE><P_BILL_CUSTOMER_NO_LOW></P_BILL_CUSTOMER_NO_LOW><P_BILL_CUSTOMER_NO_HIGH></P_BILL_CUSTOMER_NO_HIGH><P_BILL_CUSTOMER_NAME_LOW></P_BILL_CUSTOMER_NAME_LOW><P_BILL_CUSTOMER_NAME_HIGH></P_BILL_CUSTOMER_NAME_HIGH><P_GL_DATE_LOW></P_GL_DATE_LOW><P_GL_DATE_HIGH></P_GL_DATE_HIGH><P_SHIP_DATE_LOW></P_SHIP_DATE_LOW><P_SHIP_DATE_HIGH></P_SHIP_DATE_HIGH><P_TRANSACTION_NUM_LOW></P_TRANSACTION_NUM_LOW><P_TRANSACTION_NUM_HIGH></P_TRANSACTION_NUM_HIGH><P_SALES_NUM_LOW></P_SALES_NUM_LOW><P_SALES_NUM_HIGH></P_SALES_NUM_HIGH><P_INVOICE_DATE_LOW></P_INVOICE_DATE_LOW><P_INVOICE_DATE_HIGH></P_INVOICE_DATE_HIGH><P_SHIP_CUSTOMER_NO_LOW></P_SHIP_CUSTOMER_NO_LOW><P_SHIP_CUSTOMER_NO_HIGH></P_SHIP_CUSTOMER_NO_HIGH><P_SHIP_CUSTOMER_NAME_LOW></P_SHIP_CUSTOMER_NAME_LOW><P_SHIP_CUSTOMER_NAME_HIGH></P_SHIP_CUSTOMER_NAME_HIGH><P_CALL_RAXTRX_FLAG>N</P_CALL_RAXTRX_FLAG><P_BASE_DUE_DATE>Y</P_BASE_DUE_DATE><P_DUE_DATE_ADJUST></P_DUE_DATE_ADJUST><P_ORG_ID>300000003170678</P_ORG_ID><P_COAID>2001</P_COAID><P_SORT_BY>TRANSACTION FLEXFIELD</P_SORT_BY>
<LIST_G_AI_REQ_PARMS>
<G_AI_REQ_PARMS>
<BATCH_SOURCE>MILGARD EBS SPREADSHEET</BATCH_SOURCE><TRANSACTION_FLEXFIELD/><TRANSACTION_TYPE/><BILL_TO_CUSTOMER_NUMBER_L/><BILL_TO_CUSTOMER_NUMBER_H/><BILL_TO_CUSTOMER_NAME_LOW/><BILL_TO_CUSTOMER_NAME_HIG/><GL_DATE_LOW/><GL_DATE_HIGH/><SHIP_DATE_LOW/><SHIP_DATE_HIGH/><TRX_NUMBER_LOW/><TRX_NUMBER_HIGH/><SALES_ORDER_LOW/><SALES_ORDER_HIGH/><TRX_DATE_LOW/><TRX_DATE_HIGH/><SHIP_TO_CUST_NUMBER_LOW/><SHIP_TO_CUST_NUMBER_HIGH/><SHIP_TO_CUST_NAME_LOW/><SHIP_TO_CUST_NAME_HIGH/><BASE_DUE_DATE_TRX_DATE>Yes</BASE_DUE_DATE_TRX_DATE><DEFAULT_DATE>2025-08-05</DEFAULT_DATE><DUE_DATE_ADJUST/>
</G_AI_REQ_PARMS>
</LIST_G_AI_REQ_PARMS>
<LIST_G_1>
</LIST_G_1>
<LIST_G_GRAND_TOTS>
</LIST_G_GRAND_TOTS>
<LIST_G_CURR>
</LIST_G_CURR>
<LIST_G_2>
</LIST_G_2>
<LIST_G_TRAN_FF>
<G_TRAN_FF>
<TRAN_FF>ENTITY_INVOICE_LINES:1.Glass And Door.5678940021.1.35111.1000.42678.INV10009.1.2025-06-24 00:00:00</TRAN_FF>
<LIST_G_LINES_WITH_ERRORS>
<G_LINES_WITH_ERRORS>
<INTERFACE_LINE_ID>100000017407607</INTERFACE_LINE_ID><BATCH_SOURCE_NAME>MILGARD EBS SPREADSHEET</BATCH_SOURCE_NAME><TYPE_NAME>Invoice</TYPE_NAME><CUSTOMER_NAME>Great Northern Windows Inc</CUSTOMER_NAME><DESCRIPTION>Sentinal Desktop</DESCRIPTION><CURRENCY_CODE>USD</CURRENCY_CODE><AMOUNT>1000</AMOUNT>
<LIST_G_LINE_ERRORS>
<G_LINE_ERRORS>
<INTERFACE_LINE_ID_ERR>1</INTERFACE_LINE_ID_ERR><ERROR_TEXT>Duplicate invoice number. (INV10009)</ERROR_TEXT><LINE_ERR_NUM>1</LINE_ERR_NUM>
</G_LINE_ERRORS>
<G_LINE_ERRORS>
<INTERFACE_LINE_ID_ERR>2</INTERFACE_LINE_ID_ERR><ERROR_TEXT>Each line must have a unique combination of INTERFACE_LINE_ATTRIBUTE1-15 and INTERFACE_LINE_CONTEXT values for the line transaction flexfield. (Glass And Door.1.5678940021.1.35111.1000.42678.INV10009)</ERROR_TEXT><LINE_ERR_NUM>2</LINE_ERR_NUM>
</G_LINE_ERRORS>
</LIST_G_LINE_ERRORS>
<FIRST_LINE_ERROR>1</FIRST_LINE_ERROR>
<FIRST_SALES_ERROR></FIRST_SALES_ERROR>
<FIRST_DIST_ERROR></FIRST_DIST_ERROR>
<AMOUNT_DISP>1000.0</AMOUNT_DISP>
</G_LINES_WITH_ERRORS>
<G_LINES_WITH_ERRORS>
<INTERFACE_LINE_ID>100000017488675</INTERFACE_LINE_ID><BATCH_SOURCE_NAME>MILGARD EBS SPREADSHEET</BATCH_SOURCE_NAME><TYPE_NAME>Invoice</TYPE_NAME><CUSTOMER_NAME>Great Northern Windows Inc</CUSTOMER_NAME><DESCRIPTION>Sentinal Desktop</DESCRIPTION><CURRENCY_CODE>USD</CURRENCY_CODE><AMOUNT>1000</AMOUNT>
<LIST_G_LINE_ERRORS>
<G_LINE_ERRORS>
<INTERFACE_LINE_ID_ERR>1</INTERFACE_LINE_ID_ERR><ERROR_TEXT>Duplicate invoice number. (INV10009)</ERROR_TEXT><LINE_ERR_NUM>1</LINE_ERR_NUM>
</G_LINE_ERRORS>
<G_LINE_ERRORS>
<INTERFACE_LINE_ID_ERR>2</INTERFACE_LINE_ID_ERR><ERROR_TEXT>Each line must have a unique combination of INTERFACE_LINE_ATTRIBUTE1-15 and INTERFACE_LINE_CONTEXT values for the line transaction flexfield. (Glass And Door.1.5678940021.1.35111.1000.42678.INV10009)</ERROR_TEXT><LINE_ERR_NUM>2</LINE_ERR_NUM>
</G_LINE_ERRORS>
</LIST_G_LINE_ERRORS>
<FIRST_LINE_ERROR>1</FIRST_LINE_ERROR>
<FIRST_SALES_ERROR></FIRST_SALES_ERROR>
<FIRST_DIST_ERROR></FIRST_DIST_ERROR>
<AMOUNT_DISP>1000.0</AMOUNT_DISP>
</G_LINES_WITH_ERRORS>
</LIST_G_LINES_WITH_ERRORS>
</G_TRAN_FF>
<G_TRAN_FF>
<TRAN_FF>ENTITY_INVOICE_LINES:1.Glass And Door.5678950022.1.35222.1000.42678.INV10010.1.2025-06-24 00:00:00</TRAN_FF>
<LIST_G_LINES_WITH_ERRORS>
<G_LINES_WITH_ERRORS>
<INTERFACE_LINE_ID>100000017407608</INTERFACE_LINE_ID><BATCH_SOURCE_NAME>MILGARD EBS SPREADSHEET</BATCH_SOURCE_NAME><TYPE_NAME>Invoice</TYPE_NAME><CUSTOMER_NAME>Great Northern Windows Inc</CUSTOMER_NAME><DESCRIPTION>Sentinal Desktop</DESCRIPTION><CURRENCY_CODE>USD</CURRENCY_CODE><AMOUNT>1100</AMOUNT>
<LIST_G_LINE_ERRORS>
<G_LINE_ERRORS>
<INTERFACE_LINE_ID_ERR>1</INTERFACE_LINE_ID_ERR><ERROR_TEXT>Duplicate invoice number. (INV10010)</ERROR_TEXT><LINE_ERR_NUM>1</LINE_ERR_NUM>
</G_LINE_ERRORS>
<G_LINE_ERRORS>
<INTERFACE_LINE_ID_ERR>2</INTERFACE_LINE_ID_ERR><ERROR_TEXT>Each line must have a unique combination of INTERFACE_LINE_ATTRIBUTE1-15 and INTERFACE_LINE_CONTEXT values for the line transaction flexfield. (Glass And Door.1.5678950022.1.35222.1000.42678.INV10010)</ERROR_TEXT><LINE_ERR_NUM>2</LINE_ERR_NUM>
</G_LINE_ERRORS>
</LIST_G_LINE_ERRORS>
<FIRST_LINE_ERROR>1</FIRST_LINE_ERROR>
<FIRST_SALES_ERROR></FIRST_SALES_ERROR>
<FIRST_DIST_ERROR></FIRST_DIST_ERROR>
<AMOUNT_DISP>1100.0</AMOUNT_DISP>
</G_LINES_WITH_ERRORS>
<G_LINES_WITH_ERRORS>
<INTERFACE_LINE_ID>100000017488676</INTERFACE_LINE_ID><BATCH_SOURCE_NAME>MILGARD EBS SPREADSHEET</BATCH_SOURCE_NAME><TYPE_NAME>Invoice</TYPE_NAME><CUSTOMER_NAME>Great Northern Windows Inc</CUSTOMER_NAME><DESCRIPTION>Sentinal Desktop</DESCRIPTION><CURRENCY_CODE>USD</CURRENCY_CODE><AMOUNT>1100</AMOUNT>
<LIST_G_LINE_ERRORS>
<G_LINE_ERRORS>
<INTERFACE_LINE_ID_ERR>1</INTERFACE_LINE_ID_ERR><ERROR_TEXT>Duplicate invoice number. (INV10010)</ERROR_TEXT><LINE_ERR_NUM>1</LINE_ERR_NUM>
</G_LINE_ERRORS>
<G_LINE_ERRORS>
<INTERFACE_LINE_ID_ERR>2</INTERFACE_LINE_ID_ERR><ERROR_TEXT>Each line must have a unique combination of INTERFACE_LINE_ATTRIBUTE1-15 and INTERFACE_LINE_CONTEXT values for the line transaction flexfield. (Glass And Door.1.5678950022.1.35222.1000.42678.INV10010)</ERROR_TEXT><LINE_ERR_NUM>2</LINE_ERR_NUM>
</G_LINE_ERRORS>
</LIST_G_LINE_ERRORS>
<FIRST_LINE_ERROR>1</FIRST_LINE_ERROR>
<FIRST_SALES_ERROR></FIRST_SALES_ERROR>
<FIRST_DIST_ERROR></FIRST_DIST_ERROR>
<AMOUNT_DISP>1100.0</AMOUNT_DISP>
</G_LINES_WITH_ERRORS>
</LIST_G_LINES_WITH_ERRORS>
</G_TRAN_FF>
<G_TRAN_FF>
<TRAN_FF>ENTITY_INVOICE_LINES:1.Glass And Door.5678960023.1.35333.1000.42678.INV10011.1.2025-06-24 00:00:00</TRAN_FF>
<LIST_G_LINES_WITH_ERRORS>
<G_LINES_WITH_ERRORS>
<INTERFACE_LINE_ID>100000017407609</INTERFACE_LINE_ID><BATCH_SOURCE_NAME>MILGARD EBS SPREADSHEET</BATCH_SOURCE_NAME><TYPE_NAME>Invoice</TYPE_NAME><CUSTOMER_NAME>Great Northern Windows Inc</CUSTOMER_NAME><DESCRIPTION>Sentinal Desktop</DESCRIPTION><CURRENCY_CODE>USD</CURRENCY_CODE><AMOUNT>13000</AMOUNT>
<LIST_G_LINE_ERRORS>
<G_LINE_ERRORS>
<INTERFACE_LINE_ID_ERR>1</INTERFACE_LINE_ID_ERR><ERROR_TEXT>Duplicate invoice number. (INV10011)</ERROR_TEXT><LINE_ERR_NUM>1</LINE_ERR_NUM>
</G_LINE_ERRORS>
<G_LINE_ERRORS>
<INTERFACE_LINE_ID_ERR>2</INTERFACE_LINE_ID_ERR><ERROR_TEXT>Each line must have a unique combination of INTERFACE_LINE_ATTRIBUTE1-15 and INTERFACE_LINE_CONTEXT values for the line transaction flexfield. (Glass And Door.1.5678960023.1.35333.1000.42678.INV10011)</ERROR_TEXT><LINE_ERR_NUM>2</LINE_ERR_NUM>
</G_LINE_ERRORS>
</LIST_G_LINE_ERRORS>
<FIRST_LINE_ERROR>1</FIRST_LINE_ERROR>
<FIRST_SALES_ERROR></FIRST_SALES_ERROR>
<FIRST_DIST_ERROR></FIRST_DIST_ERROR>
<AMOUNT_DISP>13000.0</AMOUNT_DISP>
</G_LINES_WITH_ERRORS>
<G_LINES_WITH_ERRORS>
<INTERFACE_LINE_ID>100000017488677</INTERFACE_LINE_ID><BATCH_SOURCE_NAME>MILGARD EBS SPREADSHEET</BATCH_SOURCE_NAME><TYPE_NAME>Invoice</TYPE_NAME><CUSTOMER_NAME>Great Northern Windows Inc</CUSTOMER_NAME><DESCRIPTION>Sentinal Desktop</DESCRIPTION><CURRENCY_CODE>USD</CURRENCY_CODE><AMOUNT>13000</AMOUNT>
<LIST_G_LINE_ERRORS>
<G_LINE_ERRORS>
<INTERFACE_LINE_ID_ERR>1</INTERFACE_LINE_ID_ERR><ERROR_TEXT>Duplicate invoice number. (INV10011)</ERROR_TEXT><LINE_ERR_NUM>1</LINE_ERR_NUM>
</G_LINE_ERRORS>
<G_LINE_ERRORS>
<INTERFACE_LINE_ID_ERR>2</INTERFACE_LINE_ID_ERR><ERROR_TEXT>Each line must have a unique combination of INTERFACE_LINE_ATTRIBUTE1-15 and INTERFACE_LINE_CONTEXT values for the line transaction flexfield. (Glass And Door.1.5678960023.1.35333.1000.42678.INV10011)</ERROR_TEXT><LINE_ERR_NUM>2</LINE_ERR_NUM>
</G_LINE_ERRORS>
</LIST_G_LINE_ERRORS>
<FIRST_LINE_ERROR>1</FIRST_LINE_ERROR>
<FIRST_SALES_ERROR></FIRST_SALES_ERROR>
<FIRST_DIST_ERROR></FIRST_DIST_ERROR>
<AMOUNT_DISP>13000.0</AMOUNT_DISP>
</G_LINES_WITH_ERRORS>
</LIST_G_LINES_WITH_ERRORS>
</G_TRAN_FF>
<G_TRAN_FF>
<TRAN_FF>ENTITY_INVOICE_LINES:1.Glass And Door.5678970024.1.35444.1000.42678.INV10012.1.2025-06-24 00:00:00</TRAN_FF>
<LIST_G_LINES_WITH_ERRORS>
<G_LINES_WITH_ERRORS>
<INTERFACE_LINE_ID>100000017407610</INTERFACE_LINE_ID><BATCH_SOURCE_NAME>MILGARD EBS SPREADSHEET</BATCH_SOURCE_NAME><TYPE_NAME>Invoice</TYPE_NAME><CUSTOMER_NAME>Great Northern Windows Inc</CUSTOMER_NAME><DESCRIPTION>Sentinal Desktop</DESCRIPTION><CURRENCY_CODE>USD</CURRENCY_CODE><AMOUNT>24900</AMOUNT>
<LIST_G_LINE_ERRORS>
<G_LINE_ERRORS>
<INTERFACE_LINE_ID_ERR>1</INTERFACE_LINE_ID_ERR><ERROR_TEXT>Duplicate invoice number. (INV10012)</ERROR_TEXT><LINE_ERR_NUM>1</LINE_ERR_NUM>
</G_LINE_ERRORS>
<G_LINE_ERRORS>
<INTERFACE_LINE_ID_ERR>2</INTERFACE_LINE_ID_ERR><ERROR_TEXT>Each line must have a unique combination of INTERFACE_LINE_ATTRIBUTE1-15 and INTERFACE_LINE_CONTEXT values for the line transaction flexfield. (Glass And Door.1.5678970024.1.35444.1000.42678.INV10012)</ERROR_TEXT><LINE_ERR_NUM>2</LINE_ERR_NUM>
</G_LINE_ERRORS>
</LIST_G_LINE_ERRORS>
<FIRST_LINE_ERROR>1</FIRST_LINE_ERROR>
<FIRST_SALES_ERROR></FIRST_SALES_ERROR>
<FIRST_DIST_ERROR></FIRST_DIST_ERROR>
<AMOUNT_DISP>24900.0</AMOUNT_DISP>
</G_LINES_WITH_ERRORS>
<G_LINES_WITH_ERRORS>
<INTERFACE_LINE_ID>100000017488678</INTERFACE_LINE_ID><BATCH_SOURCE_NAME>MILGARD EBS SPREADSHEET</BATCH_SOURCE_NAME><TYPE_NAME>Invoice</TYPE_NAME><CUSTOMER_NAME>Great Northern Windows Inc</CUSTOMER_NAME><DESCRIPTION>Sentinal Desktop</DESCRIPTION><CURRENCY_CODE>USD</CURRENCY_CODE><AMOUNT>24900</AMOUNT>
<LIST_G_LINE_ERRORS>
<G_LINE_ERRORS>
<INTERFACE_LINE_ID_ERR>1</INTERFACE_LINE_ID_ERR><ERROR_TEXT>Duplicate invoice number. (INV10012)</ERROR_TEXT><LINE_ERR_NUM>1</LINE_ERR_NUM>
</G_LINE_ERRORS>
<G_LINE_ERRORS>
<INTERFACE_LINE_ID_ERR>2</INTERFACE_LINE_ID_ERR><ERROR_TEXT>Each line must have a unique combination of INTERFACE_LINE_ATTRIBUTE1-15 and INTERFACE_LINE_CONTEXT values for the line transaction flexfield. (Glass And Door.1.5678970024.1.35444.1000.42678.INV10012)</ERROR_TEXT><LINE_ERR_NUM>2</LINE_ERR_NUM>
</G_LINE_ERRORS>
</LIST_G_LINE_ERRORS>
<FIRST_LINE_ERROR>1</FIRST_LINE_ERROR>
<FIRST_SALES_ERROR></FIRST_SALES_ERROR>
<FIRST_DIST_ERROR></FIRST_DIST_ERROR>
<AMOUNT_DISP>24900.0</AMOUNT_DISP>
</G_LINES_WITH_ERRORS>
</LIST_G_LINES_WITH_ERRORS>
</G_TRAN_FF>
<G_TRAN_FF>
<TRAN_FF>ENTITY_INVOICE_LINES:1.Glass And Door.5678980025.1.35555.1000.42678.INV10013.1.2025-06-24 00:00:00</TRAN_FF>
<LIST_G_LINES_WITH_ERRORS>
<G_LINES_WITH_ERRORS>
<INTERFACE_LINE_ID>100000017407611</INTERFACE_LINE_ID><BATCH_SOURCE_NAME>MILGARD EBS SPREADSHEET</BATCH_SOURCE_NAME><TYPE_NAME>Invoice</TYPE_NAME><CUSTOMER_NAME>Great Northern Windows Inc</CUSTOMER_NAME><DESCRIPTION>Sentinal Desktop</DESCRIPTION><CURRENCY_CODE>USD</CURRENCY_CODE><AMOUNT>36800</AMOUNT>
<LIST_G_LINE_ERRORS>
<G_LINE_ERRORS>
<INTERFACE_LINE_ID_ERR>1</INTERFACE_LINE_ID_ERR><ERROR_TEXT>Duplicate invoice number. (INV10013)</ERROR_TEXT><LINE_ERR_NUM>1</LINE_ERR_NUM>
</G_LINE_ERRORS>
<G_LINE_ERRORS>
<INTERFACE_LINE_ID_ERR>2</INTERFACE_LINE_ID_ERR><ERROR_TEXT>Each line must have a unique combination of INTERFACE_LINE_ATTRIBUTE1-15 and INTERFACE_LINE_CONTEXT values for the line transaction flexfield. (Glass And Door.1.5678980025.1.35555.1000.42678.INV10013)</ERROR_TEXT><LINE_ERR_NUM>2</LINE_ERR_NUM>
</G_LINE_ERRORS>
</LIST_G_LINE_ERRORS>
<FIRST_LINE_ERROR>1</FIRST_LINE_ERROR>
<FIRST_SALES_ERROR></FIRST_SALES_ERROR>
<FIRST_DIST_ERROR></FIRST_DIST_ERROR>
<AMOUNT_DISP>36800.0</AMOUNT_DISP>
</G_LINES_WITH_ERRORS>
<G_LINES_WITH_ERRORS>
<INTERFACE_LINE_ID>100000017488679</INTERFACE_LINE_ID><BATCH_SOURCE_NAME>MILGARD EBS SPREADSHEET</BATCH_SOURCE_NAME><TYPE_NAME>Invoice</TYPE_NAME><CUSTOMER_NAME>Great Northern Windows Inc</CUSTOMER_NAME><DESCRIPTION>Sentinal Desktop</DESCRIPTION><CURRENCY_CODE>USD</CURRENCY_CODE><AMOUNT>36800</AMOUNT>
<LIST_G_LINE_ERRORS>
<G_LINE_ERRORS>
<INTERFACE_LINE_ID_ERR>1</INTERFACE_LINE_ID_ERR><ERROR_TEXT>Duplicate invoice number. (INV10013)</ERROR_TEXT><LINE_ERR_NUM>1</LINE_ERR_NUM>
</G_LINE_ERRORS>
<G_LINE_ERRORS>
<INTERFACE_LINE_ID_ERR>2</INTERFACE_LINE_ID_ERR><ERROR_TEXT>Each line must have a unique combination of INTERFACE_LINE_ATTRIBUTE1-15 and INTERFACE_LINE_CONTEXT values for the line transaction flexfield. (Glass And Door.1.5678980025.1.35555.1000.42678.INV10013)</ERROR_TEXT><LINE_ERR_NUM>2</LINE_ERR_NUM>
</G_LINE_ERRORS>
</LIST_G_LINE_ERRORS>
<FIRST_LINE_ERROR>1</FIRST_LINE_ERROR>
<FIRST_SALES_ERROR></FIRST_SALES_ERROR>
<FIRST_DIST_ERROR></FIRST_DIST_ERROR>
<AMOUNT_DISP>36800.0</AMOUNT_DISP>
</G_LINES_WITH_ERRORS>
</LIST_G_LINES_WITH_ERRORS>
</G_TRAN_FF>
<G_TRAN_FF>
<TRAN_FF>ENTITY_INVOICE_LINES:1.Glass And Door.5678990026.1.35666.1000.42678.INV10014.1.2025-06-24 00:00:00</TRAN_FF>
<LIST_G_LINES_WITH_ERRORS>
<G_LINES_WITH_ERRORS>
<INTERFACE_LINE_ID>100000017407612</INTERFACE_LINE_ID><BATCH_SOURCE_NAME>MILGARD EBS SPREADSHEET</BATCH_SOURCE_NAME><TYPE_NAME>Invoice</TYPE_NAME><CUSTOMER_NAME>Great Northern Windows Inc</CUSTOMER_NAME><DESCRIPTION>Sentinal Desktop</DESCRIPTION><CURRENCY_CODE>USD</CURRENCY_CODE><AMOUNT>48700</AMOUNT>
<LIST_G_LINE_ERRORS>
<G_LINE_ERRORS>
<INTERFACE_LINE_ID_ERR>1</INTERFACE_LINE_ID_ERR><ERROR_TEXT>Duplicate invoice number. (INV10014)</ERROR_TEXT><LINE_ERR_NUM>1</LINE_ERR_NUM>
</G_LINE_ERRORS>
<G_LINE_ERRORS>
<INTERFACE_LINE_ID_ERR>2</INTERFACE_LINE_ID_ERR><ERROR_TEXT>Each line must have a unique combination of INTERFACE_LINE_ATTRIBUTE1-15 and INTERFACE_LINE_CONTEXT values for the line transaction flexfield. (Glass And Door.1.5678990026.1.35666.1000.42678.INV10014)</ERROR_TEXT><LINE_ERR_NUM>2</LINE_ERR_NUM>
</G_LINE_ERRORS>
</LIST_G_LINE_ERRORS>
<FIRST_LINE_ERROR>1</FIRST_LINE_ERROR>
<FIRST_SALES_ERROR></FIRST_SALES_ERROR>
<FIRST_DIST_ERROR></FIRST_DIST_ERROR>
<AMOUNT_DISP>48700.0</AMOUNT_DISP>
</G_LINES_WITH_ERRORS>
<G_LINES_WITH_ERRORS>
<INTERFACE_LINE_ID>100000017488680</INTERFACE_LINE_ID><BATCH_SOURCE_NAME>MILGARD EBS SPREADSHEET</BATCH_SOURCE_NAME><TYPE_NAME>Invoice</TYPE_NAME><CUSTOMER_NAME>Great Northern Windows Inc</CUSTOMER_NAME><DESCRIPTION>Sentinal Desktop</DESCRIPTION><CURRENCY_CODE>USD</CURRENCY_CODE><AMOUNT>48700</AMOUNT>
<LIST_G_LINE_ERRORS>
<G_LINE_ERRORS>
<INTERFACE_LINE_ID_ERR>1</INTERFACE_LINE_ID_ERR><ERROR_TEXT>Duplicate invoice number. (INV10014)</ERROR_TEXT><LINE_ERR_NUM>1</LINE_ERR_NUM>
</G_LINE_ERRORS>
<G_LINE_ERRORS>
<INTERFACE_LINE_ID_ERR>2</INTERFACE_LINE_ID_ERR><ERROR_TEXT>Each line must have a unique combination of INTERFACE_LINE_ATTRIBUTE1-15 and INTERFACE_LINE_CONTEXT values for the line transaction flexfield. (Glass And Door.1.5678990026.1.35666.1000.42678.INV10014)</ERROR_TEXT><LINE_ERR_NUM>2</LINE_ERR_NUM>
</G_LINE_ERRORS>
</LIST_G_LINE_ERRORS>
<FIRST_LINE_ERROR>1</FIRST_LINE_ERROR>
<FIRST_SALES_ERROR></FIRST_SALES_ERROR>
<FIRST_DIST_ERROR></FIRST_DIST_ERROR>
<AMOUNT_DISP>48700.0</AMOUNT_DISP>
</G_LINES_WITH_ERRORS>
</LIST_G_LINES_WITH_ERRORS>
</G_TRAN_FF>
<G_TRAN_FF>
<TRAN_FF>ENTITY_INVOICE_LINES:1.Glass And Door.5679000027.1.35777.1000.42678.INV10015.1.2025-06-24 00:00:00</TRAN_FF>
<LIST_G_LINES_WITH_ERRORS>
<G_LINES_WITH_ERRORS>
<INTERFACE_LINE_ID>100000017407613</INTERFACE_LINE_ID><BATCH_SOURCE_NAME>MILGARD EBS SPREADSHEET</BATCH_SOURCE_NAME><TYPE_NAME>Invoice</TYPE_NAME><CUSTOMER_NAME>Great Northern Windows Inc</CUSTOMER_NAME><DESCRIPTION>Sentinal Desktop</DESCRIPTION><CURRENCY_CODE>USD</CURRENCY_CODE><AMOUNT>60600</AMOUNT>
<LIST_G_LINE_ERRORS>
<G_LINE_ERRORS>
<INTERFACE_LINE_ID_ERR>1</INTERFACE_LINE_ID_ERR><ERROR_TEXT>Duplicate invoice number. (INV10015)</ERROR_TEXT><LINE_ERR_NUM>1</LINE_ERR_NUM>
</G_LINE_ERRORS>
<G_LINE_ERRORS>
<INTERFACE_LINE_ID_ERR>2</INTERFACE_LINE_ID_ERR><ERROR_TEXT>Each line must have a unique combination of INTERFACE_LINE_ATTRIBUTE1-15 and INTERFACE_LINE_CONTEXT values for the line transaction flexfield. (Glass And Door.1.5679000027.1.35777.1000.42678.INV10015)</ERROR_TEXT><LINE_ERR_NUM>2</LINE_ERR_NUM>
</G_LINE_ERRORS>
</LIST_G_LINE_ERRORS>
<FIRST_LINE_ERROR>1</FIRST_LINE_ERROR>
<FIRST_SALES_ERROR></FIRST_SALES_ERROR>
<FIRST_DIST_ERROR></FIRST_DIST_ERROR>
<AMOUNT_DISP>60600.0</AMOUNT_DISP>
</G_LINES_WITH_ERRORS>
<G_LINES_WITH_ERRORS>
<INTERFACE_LINE_ID>100000017488681</INTERFACE_LINE_ID><BATCH_SOURCE_NAME>MILGARD EBS SPREADSHEET</BATCH_SOURCE_NAME><TYPE_NAME>Invoice</TYPE_NAME><CUSTOMER_NAME>Great Northern Windows Inc</CUSTOMER_NAME><DESCRIPTION>Sentinal Desktop</DESCRIPTION><CURRENCY_CODE>USD</CURRENCY_CODE><AMOUNT>60600</AMOUNT>
<LIST_G_LINE_ERRORS>
<G_LINE_ERRORS>
<INTERFACE_LINE_ID_ERR>1</INTERFACE_LINE_ID_ERR><ERROR_TEXT>Duplicate invoice number. (INV10015)</ERROR_TEXT><LINE_ERR_NUM>1</LINE_ERR_NUM>
</G_LINE_ERRORS>
<G_LINE_ERRORS>
<INTERFACE_LINE_ID_ERR>2</INTERFACE_LINE_ID_ERR><ERROR_TEXT>Each line must have a unique combination of INTERFACE_LINE_ATTRIBUTE1-15 and INTERFACE_LINE_CONTEXT values for the line transaction flexfield. (Glass And Door.1.5679000027.1.35777.1000.42678.INV10015)</ERROR_TEXT><LINE_ERR_NUM>2</LINE_ERR_NUM>
</G_LINE_ERRORS>
</LIST_G_LINE_ERRORS>
<FIRST_LINE_ERROR>1</FIRST_LINE_ERROR>
<FIRST_SALES_ERROR></FIRST_SALES_ERROR>
<FIRST_DIST_ERROR></FIRST_DIST_ERROR>
<AMOUNT_DISP>60600.0</AMOUNT_DISP>
</G_LINES_WITH_ERRORS>
</LIST_G_LINES_WITH_ERRORS>
</G_TRAN_FF>
<G_TRAN_FF>
<TRAN_FF>ENTITY_INVOICE_LINES:1.Glass And Door.5679010028.1.35888.1000.42678.INV10016.1.2025-06-24 00:00:00</TRAN_FF>
<LIST_G_LINES_WITH_ERRORS>
<G_LINES_WITH_ERRORS>
<INTERFACE_LINE_ID>100000017407614</INTERFACE_LINE_ID><BATCH_SOURCE_NAME>MILGARD EBS SPREADSHEET</BATCH_SOURCE_NAME><TYPE_NAME>Invoice</TYPE_NAME><CUSTOMER_NAME>Great Northern Windows Inc</CUSTOMER_NAME><DESCRIPTION>Sentinal Desktop</DESCRIPTION><CURRENCY_CODE>USD</CURRENCY_CODE><AMOUNT>72500</AMOUNT>
<LIST_G_LINE_ERRORS>
<G_LINE_ERRORS>
<INTERFACE_LINE_ID_ERR>1</INTERFACE_LINE_ID_ERR><ERROR_TEXT>Duplicate invoice number. (INV10016)</ERROR_TEXT><LINE_ERR_NUM>1</LINE_ERR_NUM>
</G_LINE_ERRORS>
<G_LINE_ERRORS>
<INTERFACE_LINE_ID_ERR>2</INTERFACE_LINE_ID_ERR><ERROR_TEXT>Each line must have a unique combination of INTERFACE_LINE_ATTRIBUTE1-15 and INTERFACE_LINE_CONTEXT values for the line transaction flexfield. (Glass And Door.1.5679010028.1.35888.1000.42678.INV10016)</ERROR_TEXT><LINE_ERR_NUM>2</LINE_ERR_NUM>
</G_LINE_ERRORS>
</LIST_G_LINE_ERRORS>
<FIRST_LINE_ERROR>1</FIRST_LINE_ERROR>
<FIRST_SALES_ERROR></FIRST_SALES_ERROR>
<FIRST_DIST_ERROR></FIRST_DIST_ERROR>
<AMOUNT_DISP>72500.0</AMOUNT_DISP>
</G_LINES_WITH_ERRORS>
<G_LINES_WITH_ERRORS>
<INTERFACE_LINE_ID>100000017488682</INTERFACE_LINE_ID><BATCH_SOURCE_NAME>MILGARD EBS SPREADSHEET</BATCH_SOURCE_NAME><TYPE_NAME>Invoice</TYPE_NAME><CUSTOMER_NAME>Great Northern Windows Inc</CUSTOMER_NAME><DESCRIPTION>Sentinal Desktop</DESCRIPTION><CURRENCY_CODE>USD</CURRENCY_CODE><AMOUNT>72500</AMOUNT>
<LIST_G_LINE_ERRORS>
<G_LINE_ERRORS>
<INTERFACE_LINE_ID_ERR>1</INTERFACE_LINE_ID_ERR><ERROR_TEXT>Duplicate invoice number. (INV10016)</ERROR_TEXT><LINE_ERR_NUM>1</LINE_ERR_NUM>
</G_LINE_ERRORS>
<G_LINE_ERRORS>
<INTERFACE_LINE_ID_ERR>2</INTERFACE_LINE_ID_ERR><ERROR_TEXT>Each line must have a unique combination of INTERFACE_LINE_ATTRIBUTE1-15 and INTERFACE_LINE_CONTEXT values for the line transaction flexfield. (Glass And Door.1.5679010028.1.35888.1000.42678.INV10016)</ERROR_TEXT><LINE_ERR_NUM>2</LINE_ERR_NUM>
</G_LINE_ERRORS>
</LIST_G_LINE_ERRORS>
<FIRST_LINE_ERROR>1</FIRST_LINE_ERROR>
<FIRST_SALES_ERROR></FIRST_SALES_ERROR>
<FIRST_DIST_ERROR></FIRST_DIST_ERROR>
<AMOUNT_DISP>72500.0</AMOUNT_DISP>
</G_LINES_WITH_ERRORS>
</LIST_G_LINES_WITH_ERRORS>
</G_TRAN_FF>
<G_TRAN_FF>
<TRAN_FF>ENTITY_INVOICE_LINES:1.Glass And Door.5679020029.1.35999.1000.42678.INV10017.1.2025-06-24 00:00:00</TRAN_FF>
<LIST_G_LINES_WITH_ERRORS>
<G_LINES_WITH_ERRORS>
<INTERFACE_LINE_ID>100000017407615</INTERFACE_LINE_ID><BATCH_SOURCE_NAME>MILGARD EBS SPREADSHEET</BATCH_SOURCE_NAME><TYPE_NAME>Invoice</TYPE_NAME><CUSTOMER_NAME>Great Northern Windows Inc</CUSTOMER_NAME><DESCRIPTION>Sentinal Desktop</DESCRIPTION><CURRENCY_CODE>USD</CURRENCY_CODE><AMOUNT>84400</AMOUNT>
<LIST_G_LINE_ERRORS>
<G_LINE_ERRORS>
<INTERFACE_LINE_ID_ERR>1</INTERFACE_LINE_ID_ERR><ERROR_TEXT>Duplicate invoice number. (INV10017)</ERROR_TEXT><LINE_ERR_NUM>1</LINE_ERR_NUM>
</G_LINE_ERRORS>
<G_LINE_ERRORS>
<INTERFACE_LINE_ID_ERR>2</INTERFACE_LINE_ID_ERR><ERROR_TEXT>Each line must have a unique combination of INTERFACE_LINE_ATTRIBUTE1-15 and INTERFACE_LINE_CONTEXT values for the line transaction flexfield. (Glass And Door.1.5679020029.1.35999.1000.42678.INV10017)</ERROR_TEXT><LINE_ERR_NUM>2</LINE_ERR_NUM>
</G_LINE_ERRORS>
</LIST_G_LINE_ERRORS>
<FIRST_LINE_ERROR>1</FIRST_LINE_ERROR>
<FIRST_SALES_ERROR></FIRST_SALES_ERROR>
<FIRST_DIST_ERROR></FIRST_DIST_ERROR>
<AMOUNT_DISP>84400.0</AMOUNT_DISP>
</G_LINES_WITH_ERRORS>
<G_LINES_WITH_ERRORS>
<INTERFACE_LINE_ID>100000017488683</INTERFACE_LINE_ID><BATCH_SOURCE_NAME>MILGARD EBS SPREADSHEET</BATCH_SOURCE_NAME><TYPE_NAME>Invoice</TYPE_NAME><CUSTOMER_NAME>Great Northern Windows Inc</CUSTOMER_NAME><DESCRIPTION>Sentinal Desktop</DESCRIPTION><CURRENCY_CODE>USD</CURRENCY_CODE><AMOUNT>84400</AMOUNT>
<LIST_G_LINE_ERRORS>
<G_LINE_ERRORS>
<INTERFACE_LINE_ID_ERR>1</INTERFACE_LINE_ID_ERR><ERROR_TEXT>Duplicate invoice number. (INV10017)</ERROR_TEXT><LINE_ERR_NUM>1</LINE_ERR_NUM>
</G_LINE_ERRORS>
<G_LINE_ERRORS>
<INTERFACE_LINE_ID_ERR>2</INTERFACE_LINE_ID_ERR><ERROR_TEXT>Each line must have a unique combination of INTERFACE_LINE_ATTRIBUTE1-15 and INTERFACE_LINE_CONTEXT values for the line transaction flexfield. (Glass And Door.1.5679020029.1.35999.1000.42678.INV10017)</ERROR_TEXT><LINE_ERR_NUM>2</LINE_ERR_NUM>
</G_LINE_ERRORS>
</LIST_G_LINE_ERRORS>
<FIRST_LINE_ERROR>1</FIRST_LINE_ERROR>
<FIRST_SALES_ERROR></FIRST_SALES_ERROR>
<FIRST_DIST_ERROR></FIRST_DIST_ERROR>
<AMOUNT_DISP>84400.0</AMOUNT_DISP>
</G_LINES_WITH_ERRORS>
</LIST_G_LINES_WITH_ERRORS>
</G_TRAN_FF>
<G_TRAN_FF>
<TRAN_FF>ENTITY_INVOICE_LINES:1.Glass And Door.5679030030.1.36110.1000.42678.INV10018.1.2025-06-24 00:00:00</TRAN_FF>
<LIST_G_LINES_WITH_ERRORS>
<G_LINES_WITH_ERRORS>
<INTERFACE_LINE_ID>100000017407616</INTERFACE_LINE_ID><BATCH_SOURCE_NAME>MILGARD EBS SPREADSHEET</BATCH_SOURCE_NAME><TYPE_NAME>Invoice</TYPE_NAME><CUSTOMER_NAME>Great Northern Windows Inc</CUSTOMER_NAME><DESCRIPTION>Sentinal Desktop</DESCRIPTION><CURRENCY_CODE>USD</CURRENCY_CODE><AMOUNT>96300</AMOUNT>
<LIST_G_LINE_ERRORS>
<G_LINE_ERRORS>
<INTERFACE_LINE_ID_ERR>1</INTERFACE_LINE_ID_ERR><ERROR_TEXT>Duplicate invoice number. (INV10018)</ERROR_TEXT><LINE_ERR_NUM>1</LINE_ERR_NUM>
</G_LINE_ERRORS>
<G_LINE_ERRORS>
<INTERFACE_LINE_ID_ERR>2</INTERFACE_LINE_ID_ERR><ERROR_TEXT>Each line must have a unique combination of INTERFACE_LINE_ATTRIBUTE1-15 and INTERFACE_LINE_CONTEXT values for the line transaction flexfield. (Glass And Door.1.5679030030.1.36110.1000.42678.INV10018)</ERROR_TEXT><LINE_ERR_NUM>2</LINE_ERR_NUM>
</G_LINE_ERRORS>
</LIST_G_LINE_ERRORS>
<FIRST_LINE_ERROR>1</FIRST_LINE_ERROR>
<FIRST_SALES_ERROR></FIRST_SALES_ERROR>
<FIRST_DIST_ERROR></FIRST_DIST_ERROR>
<AMOUNT_DISP>96300.0</AMOUNT_DISP>
</G_LINES_WITH_ERRORS>
<G_LINES_WITH_ERRORS>
<INTERFACE_LINE_ID>100000017488684</INTERFACE_LINE_ID><BATCH_SOURCE_NAME>MILGARD EBS SPREADSHEET</BATCH_SOURCE_NAME><TYPE_NAME>Invoice</TYPE_NAME><CUSTOMER_NAME>Great Northern Windows Inc</CUSTOMER_NAME><DESCRIPTION>Sentinal Desktop</DESCRIPTION><CURRENCY_CODE>USD</CURRENCY_CODE><AMOUNT>96300</AMOUNT>
<LIST_G_LINE_ERRORS>
<G_LINE_ERRORS>
<INTERFACE_LINE_ID_ERR>1</INTERFACE_LINE_ID_ERR><ERROR_TEXT>Duplicate invoice number. (INV10018)</ERROR_TEXT><LINE_ERR_NUM>1</LINE_ERR_NUM>
</G_LINE_ERRORS>
<G_LINE_ERRORS>
<INTERFACE_LINE_ID_ERR>2</INTERFACE_LINE_ID_ERR><ERROR_TEXT>Each line must have a unique combination of INTERFACE_LINE_ATTRIBUTE1-15 and INTERFACE_LINE_CONTEXT values for the line transaction flexfield. (Glass And Door.1.5679030030.1.36110.1000.42678.INV10018)</ERROR_TEXT><LINE_ERR_NUM>2</LINE_ERR_NUM>
</G_LINE_ERRORS>
</LIST_G_LINE_ERRORS>
<FIRST_LINE_ERROR>1</FIRST_LINE_ERROR>
<FIRST_SALES_ERROR></FIRST_SALES_ERROR>
<FIRST_DIST_ERROR></FIRST_DIST_ERROR>
<AMOUNT_DISP>96300.0</AMOUNT_DISP>
</G_LINES_WITH_ERRORS>
</LIST_G_LINES_WITH_ERRORS>
</G_TRAN_FF>
<G_TRAN_FF>
<TRAN_FF>ENTITY_INVOICE_LINES:1.Glass And Door.5679040031.1.36221.1000.42678.INV10019.1.2025-06-24 00:00:00</TRAN_FF>
<LIST_G_LINES_WITH_ERRORS>
<G_LINES_WITH_ERRORS>
<INTERFACE_LINE_ID>100000017407617</INTERFACE_LINE_ID><BATCH_SOURCE_NAME>MILGARD EBS SPREADSHEET</BATCH_SOURCE_NAME><TYPE_NAME>Invoice</TYPE_NAME><CUSTOMER_NAME>Great Northern Windows Inc</CUSTOMER_NAME><DESCRIPTION>Sentinal Desktop</DESCRIPTION><CURRENCY_CODE>USD</CURRENCY_CODE><AMOUNT>108200</AMOUNT>
<LIST_G_LINE_ERRORS>
<G_LINE_ERRORS>
<INTERFACE_LINE_ID_ERR>1</INTERFACE_LINE_ID_ERR><ERROR_TEXT>Duplicate invoice number. (INV10019)</ERROR_TEXT><LINE_ERR_NUM>1</LINE_ERR_NUM>
</G_LINE_ERRORS>
<G_LINE_ERRORS>
<INTERFACE_LINE_ID_ERR>2</INTERFACE_LINE_ID_ERR><ERROR_TEXT>Each line must have a unique combination of INTERFACE_LINE_ATTRIBUTE1-15 and INTERFACE_LINE_CONTEXT values for the line transaction flexfield. (Glass And Door.1.5679040031.1.36221.1000.42678.INV10019)</ERROR_TEXT><LINE_ERR_NUM>2</LINE_ERR_NUM>
</G_LINE_ERRORS>
</LIST_G_LINE_ERRORS>
<FIRST_LINE_ERROR>1</FIRST_LINE_ERROR>
<FIRST_SALES_ERROR></FIRST_SALES_ERROR>
<FIRST_DIST_ERROR></FIRST_DIST_ERROR>
<AMOUNT_DISP>108200.0</AMOUNT_DISP>
</G_LINES_WITH_ERRORS>
<G_LINES_WITH_ERRORS>
<INTERFACE_LINE_ID>100000017488685</INTERFACE_LINE_ID><BATCH_SOURCE_NAME>MILGARD EBS SPREADSHEET</BATCH_SOURCE_NAME><TYPE_NAME>Invoice</TYPE_NAME><CUSTOMER_NAME>Great Northern Windows Inc</CUSTOMER_NAME><DESCRIPTION>Sentinal Desktop</DESCRIPTION><CURRENCY_CODE>USD</CURRENCY_CODE><AMOUNT>108200</AMOUNT>
<LIST_G_LINE_ERRORS>
<G_LINE_ERRORS>
<INTERFACE_LINE_ID_ERR>1</INTERFACE_LINE_ID_ERR><ERROR_TEXT>Duplicate invoice number. (INV10019)</ERROR_TEXT><LINE_ERR_NUM>1</LINE_ERR_NUM>
</G_LINE_ERRORS>
<G_LINE_ERRORS>
<INTERFACE_LINE_ID_ERR>2</INTERFACE_LINE_ID_ERR><ERROR_TEXT>Each line must have a unique combination of INTERFACE_LINE_ATTRIBUTE1-15 and INTERFACE_LINE_CONTEXT values for the line transaction flexfield. (Glass And Door.1.5679040031.1.36221.1000.42678.INV10019)</ERROR_TEXT><LINE_ERR_NUM>2</LINE_ERR_NUM>
</G_LINE_ERRORS>
</LIST_G_LINE_ERRORS>
<FIRST_LINE_ERROR>1</FIRST_LINE_ERROR>
<FIRST_SALES_ERROR></FIRST_SALES_ERROR>
<FIRST_DIST_ERROR></FIRST_DIST_ERROR>
<AMOUNT_DISP>108200.0</AMOUNT_DISP>
</G_LINES_WITH_ERRORS>
</LIST_G_LINES_WITH_ERRORS>
</G_TRAN_FF>
<G_TRAN_FF>
<TRAN_FF>ENTITY_INVOICE_LINES:1.Glass And Door.5679050032.1.36332.1000.42678.INV10020.1.2025-06-24 00:00:00</TRAN_FF>
<LIST_G_LINES_WITH_ERRORS>
<G_LINES_WITH_ERRORS>
<INTERFACE_LINE_ID>100000017407618</INTERFACE_LINE_ID><BATCH_SOURCE_NAME>MILGARD EBS SPREADSHEET</BATCH_SOURCE_NAME><TYPE_NAME>Invoice</TYPE_NAME><CUSTOMER_NAME>Great Northern Windows Inc</CUSTOMER_NAME><DESCRIPTION>Sentinal Desktop</DESCRIPTION><CURRENCY_CODE>USD</CURRENCY_CODE><AMOUNT>120100</AMOUNT>
<LIST_G_LINE_ERRORS>
<G_LINE_ERRORS>
<INTERFACE_LINE_ID_ERR>1</INTERFACE_LINE_ID_ERR><ERROR_TEXT>Duplicate invoice number. (INV10020)</ERROR_TEXT><LINE_ERR_NUM>1</LINE_ERR_NUM>
</G_LINE_ERRORS>
<G_LINE_ERRORS>
<INTERFACE_LINE_ID_ERR>2</INTERFACE_LINE_ID_ERR><ERROR_TEXT>Each line must have a unique combination of INTERFACE_LINE_ATTRIBUTE1-15 and INTERFACE_LINE_CONTEXT values for the line transaction flexfield. (Glass And Door.1.5679050032.1.36332.1000.42678.INV10020)</ERROR_TEXT><LINE_ERR_NUM>2</LINE_ERR_NUM>
</G_LINE_ERRORS>
</LIST_G_LINE_ERRORS>
<FIRST_LINE_ERROR>1</FIRST_LINE_ERROR>
<FIRST_SALES_ERROR></FIRST_SALES_ERROR>
<FIRST_DIST_ERROR></FIRST_DIST_ERROR>
<AMOUNT_DISP>120100.0</AMOUNT_DISP>
</G_LINES_WITH_ERRORS>
<G_LINES_WITH_ERRORS>
<INTERFACE_LINE_ID>100000017488686</INTERFACE_LINE_ID><BATCH_SOURCE_NAME>MILGARD EBS SPREADSHEET</BATCH_SOURCE_NAME><TYPE_NAME>Invoice</TYPE_NAME><CUSTOMER_NAME>Great Northern Windows Inc</CUSTOMER_NAME><DESCRIPTION>Sentinal Desktop</DESCRIPTION><CURRENCY_CODE>USD</CURRENCY_CODE><AMOUNT>120100</AMOUNT>
<LIST_G_LINE_ERRORS>
<G_LINE_ERRORS>
<INTERFACE_LINE_ID_ERR>1</INTERFACE_LINE_ID_ERR><ERROR_TEXT>Duplicate invoice number. (INV10020)</ERROR_TEXT><LINE_ERR_NUM>1</LINE_ERR_NUM>
</G_LINE_ERRORS>
<G_LINE_ERRORS>
<INTERFACE_LINE_ID_ERR>2</INTERFACE_LINE_ID_ERR><ERROR_TEXT>Each line must have a unique combination of INTERFACE_LINE_ATTRIBUTE1-15 and INTERFACE_LINE_CONTEXT values for the line transaction flexfield. (Glass And Door.1.5679050032.1.36332.1000.42678.INV10020)</ERROR_TEXT><LINE_ERR_NUM>2</LINE_ERR_NUM>
</G_LINE_ERRORS>
</LIST_G_LINE_ERRORS>
<FIRST_LINE_ERROR>1</FIRST_LINE_ERROR>
<FIRST_SALES_ERROR></FIRST_SALES_ERROR>
<FIRST_DIST_ERROR></FIRST_DIST_ERROR>
<AMOUNT_DISP>120100.0</AMOUNT_DISP>
</G_LINES_WITH_ERRORS>
</LIST_G_LINES_WITH_ERRORS>
</G_TRAN_FF>
<G_TRAN_FF>
<TRAN_FF>ENTITY_INVOICE_LINES:1.Glass And Door.5679060033.1.36443.1000.42678.INV10021.1.2025-06-24 00:00:00</TRAN_FF>
<LIST_G_LINES_WITH_ERRORS>
<G_LINES_WITH_ERRORS>
<INTERFACE_LINE_ID>100000017407619</INTERFACE_LINE_ID><BATCH_SOURCE_NAME>MILGARD EBS SPREADSHEET</BATCH_SOURCE_NAME><TYPE_NAME>Invoice</TYPE_NAME><CUSTOMER_NAME>Great Northern Windows Inc</CUSTOMER_NAME><DESCRIPTION>Sentinal Desktop</DESCRIPTION><CURRENCY_CODE>USD</CURRENCY_CODE><AMOUNT>132000</AMOUNT>
<LIST_G_LINE_ERRORS>
<G_LINE_ERRORS>
<INTERFACE_LINE_ID_ERR>1</INTERFACE_LINE_ID_ERR><ERROR_TEXT>Duplicate invoice number. (INV10021)</ERROR_TEXT><LINE_ERR_NUM>1</LINE_ERR_NUM>
</G_LINE_ERRORS>
<G_LINE_ERRORS>
<INTERFACE_LINE_ID_ERR>2</INTERFACE_LINE_ID_ERR><ERROR_TEXT>Each line must have a unique combination of INTERFACE_LINE_ATTRIBUTE1-15 and INTERFACE_LINE_CONTEXT values for the line transaction flexfield. (Glass And Door.1.5679060033.1.36443.1000.42678.INV10021)</ERROR_TEXT><LINE_ERR_NUM>2</LINE_ERR_NUM>
</G_LINE_ERRORS>
</LIST_G_LINE_ERRORS>
<FIRST_LINE_ERROR>1</FIRST_LINE_ERROR>
<FIRST_SALES_ERROR></FIRST_SALES_ERROR>
<FIRST_DIST_ERROR></FIRST_DIST_ERROR>
<AMOUNT_DISP>132000.0</AMOUNT_DISP>
</G_LINES_WITH_ERRORS>
<G_LINES_WITH_ERRORS>
<INTERFACE_LINE_ID>100000017488687</INTERFACE_LINE_ID><BATCH_SOURCE_NAME>MILGARD EBS SPREADSHEET</BATCH_SOURCE_NAME><TYPE_NAME>Invoice</TYPE_NAME><CUSTOMER_NAME>Great Northern Windows Inc</CUSTOMER_NAME><DESCRIPTION>Sentinal Desktop</DESCRIPTION><CURRENCY_CODE>USD</CURRENCY_CODE><AMOUNT>132000</AMOUNT>
<LIST_G_LINE_ERRORS>
<G_LINE_ERRORS>
<INTERFACE_LINE_ID_ERR>1</INTERFACE_LINE_ID_ERR><ERROR_TEXT>Duplicate invoice number. (INV10021)</ERROR_TEXT><LINE_ERR_NUM>1</LINE_ERR_NUM>
</G_LINE_ERRORS>
<G_LINE_ERRORS>
<INTERFACE_LINE_ID_ERR>2</INTERFACE_LINE_ID_ERR><ERROR_TEXT>Each line must have a unique combination of INTERFACE_LINE_ATTRIBUTE1-15 and INTERFACE_LINE_CONTEXT values for the line transaction flexfield. (Glass And Door.1.5679060033.1.36443.1000.42678.INV10021)</ERROR_TEXT><LINE_ERR_NUM>2</LINE_ERR_NUM>
</G_LINE_ERRORS>
</LIST_G_LINE_ERRORS>
<FIRST_LINE_ERROR>1</FIRST_LINE_ERROR>
<FIRST_SALES_ERROR></FIRST_SALES_ERROR>
<FIRST_DIST_ERROR></FIRST_DIST_ERROR>
<AMOUNT_DISP>132000.0</AMOUNT_DISP>
</G_LINES_WITH_ERRORS>
</LIST_G_LINES_WITH_ERRORS>
</G_TRAN_FF>
<G_TRAN_FF>
<TRAN_FF>ENTITY_INVOICE_LINES:1.Glass And Door.5679070034.1.36554.1000.42678.INV10022.1.2025-06-24 00:00:00</TRAN_FF>
<LIST_G_LINES_WITH_ERRORS>
<G_LINES_WITH_ERRORS>
<INTERFACE_LINE_ID>100000017407620</INTERFACE_LINE_ID><BATCH_SOURCE_NAME>MILGARD EBS SPREADSHEET</BATCH_SOURCE_NAME><TYPE_NAME>Invoice</TYPE_NAME><CUSTOMER_NAME>Great Northern Windows Inc</CUSTOMER_NAME><DESCRIPTION>Sentinal Desktop</DESCRIPTION><CURRENCY_CODE>USD</CURRENCY_CODE><AMOUNT>143900</AMOUNT>
<LIST_G_LINE_ERRORS>
<G_LINE_ERRORS>
<INTERFACE_LINE_ID_ERR>1</INTERFACE_LINE_ID_ERR><ERROR_TEXT>Duplicate invoice number. (INV10022)</ERROR_TEXT><LINE_ERR_NUM>1</LINE_ERR_NUM>
</G_LINE_ERRORS>
<G_LINE_ERRORS>
<INTERFACE_LINE_ID_ERR>2</INTERFACE_LINE_ID_ERR><ERROR_TEXT>Each line must have a unique combination of INTERFACE_LINE_ATTRIBUTE1-15 and INTERFACE_LINE_CONTEXT values for the line transaction flexfield. (Glass And Door.1.5679070034.1.36554.1000.42678.INV10022)</ERROR_TEXT><LINE_ERR_NUM>2</LINE_ERR_NUM>
</G_LINE_ERRORS>
</LIST_G_LINE_ERRORS>
<FIRST_LINE_ERROR>1</FIRST_LINE_ERROR>
<FIRST_SALES_ERROR></FIRST_SALES_ERROR>
<FIRST_DIST_ERROR></FIRST_DIST_ERROR>
<AMOUNT_DISP>143900.0</AMOUNT_DISP>
</G_LINES_WITH_ERRORS>
<G_LINES_WITH_ERRORS>
<INTERFACE_LINE_ID>100000017488688</INTERFACE_LINE_ID><BATCH_SOURCE_NAME>MILGARD EBS SPREADSHEET</BATCH_SOURCE_NAME><TYPE_NAME>Invoice</TYPE_NAME><CUSTOMER_NAME>Great Northern Windows Inc</CUSTOMER_NAME><DESCRIPTION>Sentinal Desktop</DESCRIPTION><CURRENCY_CODE>USD</CURRENCY_CODE><AMOUNT>143900</AMOUNT>
<LIST_G_LINE_ERRORS>
<G_LINE_ERRORS>
<INTERFACE_LINE_ID_ERR>1</INTERFACE_LINE_ID_ERR><ERROR_TEXT>Duplicate invoice number. (INV10022)</ERROR_TEXT><LINE_ERR_NUM>1</LINE_ERR_NUM>
</G_LINE_ERRORS>
<G_LINE_ERRORS>
<INTERFACE_LINE_ID_ERR>2</INTERFACE_LINE_ID_ERR><ERROR_TEXT>Each line must have a unique combination of INTERFACE_LINE_ATTRIBUTE1-15 and INTERFACE_LINE_CONTEXT values for the line transaction flexfield. (Glass And Door.1.5679070034.1.36554.1000.42678.INV10022)</ERROR_TEXT><LINE_ERR_NUM>2</LINE_ERR_NUM>
</G_LINE_ERRORS>
</LIST_G_LINE_ERRORS>
<FIRST_LINE_ERROR>1</FIRST_LINE_ERROR>
<FIRST_SALES_ERROR></FIRST_SALES_ERROR>
<FIRST_DIST_ERROR></FIRST_DIST_ERROR>
<AMOUNT_DISP>143900.0</AMOUNT_DISP>
</G_LINES_WITH_ERRORS>
</LIST_G_LINES_WITH_ERRORS>
</G_TRAN_FF>
</LIST_G_TRAN_FF>
<LIST_G_SUMMARY_INFO>
<G_SUMMARY_INFO>
<NO_OF_LINES>28</NO_OF_LINES><INV_CURR_AMOUNT>1887000</INV_CURR_AMOUNT><CURR_CODE>USD</CURR_CODE>
<LIST_G_SALES_COUNT>
<G_SALES_COUNT>
<SALES_COUNT>0</SALES_COUNT>
<LIST_G_DIST_COUNT>
<G_DIST_COUNT>
<DIST_COUNT>0</DIST_COUNT>
</G_DIST_COUNT>
</LIST_G_DIST_COUNT>
</G_SALES_COUNT>
</LIST_G_SALES_COUNT>
<INV_CURR_AMOUNT_DSP>1887000.0</INV_CURR_AMOUNT_DSP>
</G_SUMMARY_INFO>
</LIST_G_SUMMARY_INFO>
<LIST_G_SUM_ERRLINE>
<G_SUM_ERRLINE>
<CURR_CODE_ERR>USD</CURR_CODE_ERR><NO_OF_LINES_ERR>28</NO_OF_LINES_ERR><INV_CURR_AMOUNT_ERR>1887000</INV_CURR_AMOUNT_ERR>
<LIST_G_SUM_ERRSC>
<G_SUM_ERRSC>
<SALES_COUNT1>0</SALES_COUNT1>
<LIST_G_SUM_ERRDIST>
<G_SUM_ERRDIST>
<DIST_COUNT1>0</DIST_COUNT1>
</G_SUM_ERRDIST>
</LIST_G_SUM_ERRDIST>
</G_SUM_ERRSC>
</LIST_G_SUM_ERRSC>
<D_INV_CURR_AMOUNT>1887000.0</D_INV_CURR_AMOUNT>
</G_SUM_ERRLINE>
</LIST_G_SUM_ERRLINE>
<LIST_G_BATCH_SOURCE>
</LIST_G_BATCH_SOURCE>
<LIST_G_DUMMY>
<G_DUMMY>
<DUMMY_COL/><C_EXCEP_REP/>
</G_DUMMY>
</LIST_G_DUMMY>
<COMPANY_NAME>US PRIMARY USD</COMPANY_NAME>
<DATA_FOUND_FLAG>ENTITY_INVOICE_LINES:1.Glass And Door.5678940021.1.35111.1000.42678.INV10009.1.2025-06-24 00:00:00</DATA_FOUND_FLAG>
<C_INDUSTRY_CODE/>
<C_SALESREP_TITLE/>
<C_SALESCREDIT_TITLE/>
<RUN_MODE>AND RAIL.PRIMARY_SALESREP_ID = :P_AI_REQUEST_ID</RUN_MODE>
<ORDER_BY>1</ORDER_BY>
<CONCAT_SEG_DEL>.</CONCAT_SEG_DEL>
<LP_PRED> AND RAIL.primary_salesrep_id = :p_ai_request_id   </LP_PRED>
<ACCT_FLEX_ALL_SEG_SEL/>
<P_EXCEP_REPORT>1</P_EXCEP_REPORT>
<P_RAIL_COUNT_SEL>28</P_RAIL_COUNT_SEL>
<P_RAIL_COUNT_PROC>0</P_RAIL_COUNT_PROC>
<P_RAIL_COUNT_FAILED>28</P_RAIL_COUNT_FAILED>
<P_RAIS_COUNT_SEL>0</P_RAIS_COUNT_SEL>
<P_RAIS_COUNT_PROC>0</P_RAIS_COUNT_PROC>
<P_RAIS_COUNT_FAILED>0</P_RAIS_COUNT_FAILED>
<P_RAID_COUNT_SEL>0</P_RAID_COUNT_SEL>
<P_RAID_COUNT_PROC>0</P_RAID_COUNT_PROC>
<P_RAID_COUNT_FAILED>0</P_RAID_COUNT_FAILED>
<FUNC_CURRENCY>USD</FUNC_CURRENCY>
<FUNC_PREC>2</FUNC_PREC>
<FUNC_MAU/>
<P_RAIC_COUNT_FAILED>0</P_RAIC_COUNT_FAILED>
<P_RAIC_COUNT_PROC>0</P_RAIC_COUNT_PROC>
<P_RAIC_COUNT_SEL>0</P_RAIC_COUNT_SEL>
<COMPANY_NAME>US PRIMARY USD</COMPANY_NAME>
<GT_TOTAL_TRX>0</GT_TOTAL_TRX>
<GT_TOTAL_LINES>0</GT_TOTAL_LINES>
<GT_TOTAL_AMOUNT>0</GT_TOTAL_AMOUNT>
<GT_TOTAL_SALES>0</GT_TOTAL_SALES>
<GT_TOTAL_DIST>0</GT_TOTAL_DIST>
<GT_TOTAL_AMOUNT_DISP>0.0</GT_TOTAL_AMOUNT_DISP>
<CS_NO_APP>0</CS_NO_APP>
<CS_AMT_RCT_CUR>0</CS_AMT_RCT_CUR>
<CF_AMT_RCT_CUR>0.0</CF_AMT_RCT_CUR>
<GT_TOTAL_CONT>0</GT_TOTAL_CONT>
</RAXAPR>